Disease_Name,Day,Topic,Word,Weight
STEMI,0,Topic_1,肌钙蛋白I,0.04812371
STEMI,0,Topic_1,NT-B型钠尿肽NT-BNP,0.048120175
STEMI,0,Topic_1,凝血四项+D-D,0.043426488
STEMI,0,Topic_1,心电监测,0.03891703
STEMI,0,Topic_1,尿沉渣镜检,0.03434026
STEMI,0,Topic_1,肌酸激酶CK,0.03429447
STEMI,0,Topic_1,血常规五分类+hsCRP,0.034181617
STEMI,0,Topic_1,肝功六项,0.029620357
STEMI,0,Topic_1,DR胸部正位片(床旁),0.025171908
STEMI,0,Topic_1,肝功五项,0.020588348
STEMI,0,Topic_1,硝酸甘油注射液,0.020511424
STEMI,0,Topic_1,心脏彩超：床旁心脏彩超,0.020495573
STEMI,0,Topic_1,阿托品注射液,0.015993338
STEMI,0,Topic_1,大便常规+隐血(体液),0.015965676
STEMI,0,Topic_1,泮托拉唑钠肠溶片,0.015902944
STEMI,0,Topic_1,心脏彩超：三维心脏彩超及心功能测定,0.0114033865
STEMI,0,Topic_1,血常规五分类,0.011403079
STEMI,0,Topic_1,葡萄糖氯化钠注射液,0.011400086
STEMI,0,Topic_1,跌倒,0.011399724
STEMI,0,Topic_1,电脑血糖监测,0.011399548
STEMI,0,Topic_1,沙库巴曲缬沙坦片,0.011397849
STEMI,0,Topic_1,冠脉扩张球囊(Tazuna各规格日本泰尔茂),0.011397256
STEMI,0,Topic_1,肝素钠注射液,0.0113970125
STEMI,0,Topic_1,达格列净片,0.0113953
STEMI,0,Topic_1,D-二聚体定量D-D,0.011394778
STEMI,0,Topic_1,培哚普利叔丁胺片,0.011393569
STEMI,0,Topic_1,常规心电图检查(三通道、十二通道加收),0.011391126
STEMI,0,Topic_1,低盐低脂糖尿病饮食,0.011387795
STEMI,0,Topic_1,阿托伐他汀钙片,0.011374667
STEMI,0,Topic_1,心脏彩超：三维心脏彩超及左心功能测定,0.011362256
STEMI,0,Topic_1,依诺肝素钠注射液,0.011354066
STEMI,0,Topic_1,注射用重组人脑利钠肽,0.00681012
STEMI,0,Topic_1,维生素C注射液,0.0068092113
STEMI,0,Topic_1,冠状动脉造影术,0.0068091135
STEMI,0,Topic_1,心脏电复律术,0.0068089967
STEMI,0,Topic_1,单硝酸异山梨酯缓释片,0.006808726
STEMI,0,Topic_1,冠脉雷帕霉素洗脱钴基合金支架系统(G35183.5*18上海微创),0.0068083936
STEMI,0,Topic_1,指引导丝(HI-TORQUEBALANCEMIDDLEWEIGHTUNIVERSALII美国雅培),0.0068082497
STEMI,0,Topic_1,外周血细胞形态,0.00680808
STEMI,0,Topic_1,冠脉雷帕霉素洗脱钴基合金支架系统(G27232.75*23上海微创),0.006807784
STEMI,0,Topic_1,急诊带入硝甘组液,0.0068077585
STEMI,0,Topic_1,葡萄糖注射液(5%)(直立式软袋),0.006807214
STEMI,0,Topic_1,凝血四项+D-D[血液室],0.0068071713
STEMI,0,Topic_1,胺碘酮注射液,0.006806868
STEMI,0,Topic_1,送DSA行急诊冠脉造影+PCI术,0.0068060406
STEMI,0,Topic_1,血管彩超：颈、椎动脉+锁骨下动脉,0.006805585
STEMI,0,Topic_1,钴基合金雷帕霉素洗脱支架系统(LPRPC272427*24北京乐普),0.006805418
STEMI,0,Topic_1,吗啡注射液,0.006804734
STEMI,0,Topic_1,心脏电除颤术,0.006803823
STEMI,0,Topic_1,雷贝拉唑钠肠溶片,0.006803501
STEMI,0,Topic_1,地塞米松磷酸钠注射液,0.006803311
STEMI,0,Topic_1,乳果糖口服溶液,0.006802721
STEMI,0,Topic_1,注射用重组人尿激酶原,0.006802214
STEMI,0,Topic_1,*血压监测,0.0068018413
STEMI,0,Topic_1,螺内酯片,0.006799386
STEMI,0,Topic_1,血管彩超：颈动脉+椎动脉,0.006799045
STEMI,0,Topic_1,凝血四项,0.006799
STEMI,0,Topic_1,盐酸替罗非班氯化钠注射液,0.0067963623
STEMI,0,Topic_1,贝那普利片,0.0067939563
STEMI,0,Topic_1,*拔除动脉鞘管,0.0067914766
STEMI,0,Topic_1,阿利西尤单抗注射液,0.0067896387
STEMI,0,Topic_1,缬沙坦氨氯地平片(I),0.0067852563
STEMI,0,Topic_1,琥珀酸美托洛尔缓释片,0.006772252
STEMI,0,Topic_1,替格瑞洛片,0.0037551816
STEMI,0,Topic_1,肾功五项,0.0033769761
STEMI,0,Topic_1,环柄注射器,0.0028623948
STEMI,0,Topic_1,肌钙蛋白T,0.0026717952
STEMI,0,Topic_1,甲功三项,0.0026648447
STEMI,0,Topic_1,电解质四项,0.0026598235
STEMI,0,Topic_1,血脂四项,0.002595648
STEMI,0,Topic_1,常规心电图(床边),0.0025872043
STEMI,0,Topic_1,大便常规+隐血,0.00258386
STEMI,0,Topic_1,血氧饱和度监测,0.0025495815
STEMI,0,Topic_1,糖化血红蛋白,0.002540982
STEMI,0,Topic_1,三联三通板,0.002512734
STEMI,0,Topic_1,经皮选择性动脉置管术,0.0025104026
STEMI,0,Topic_1,遥测心电监护（含磁带、电池费用）,0.00250961
STEMI,0,Topic_1,心内科常规护理,0.0025057115
STEMI,0,Topic_1,阿司匹林肠溶片,0.0025051786
STEMI,0,Topic_1,枸橼酸钾颗粒,0.0025043692
STEMI,0,Topic_1,肌酸激酶同工酶CK-MB,0.0024958753
STEMI,0,Topic_1,硝酸异山梨酯注射液,0.0024919328
STEMI,0,Topic_1,尿常规,0.0024911691
STEMI,0,Topic_1,瑞舒伐他汀钙片,0.0024909386
STEMI,0,Topic_1,低盐低脂饮食,0.0024872085
STEMI,0,Topic_1,冠脉扩张球囊(Hiryu各规格日本泰尔茂),0.0024856867
STEMI,0,Topic_1,复方氯化钠注射液,0.0024837311
STEMI,0,Topic_1,eGFR(血肌酐),0.0024802464
STEMI,0,Topic_1,指引导丝,0.002477799
STEMI,0,Topic_1,卧床休息,0.002473446
STEMI,0,Topic_1,葡萄糖注射液(5%),0.0024706689
STEMI,0,Topic_1,缺铁四项,0.002469883
STEMI,0,Topic_1,常规心电图检查,0.0024692311
STEMI,0,Topic_1,肌酐Cr,0.0024688358
STEMI,0,Topic_1,氯化钾缓释片,0.0024687976
STEMI,0,Topic_1,心梗四项,0.002467
STEMI,0,Topic_1,降钙素原,0.0024669517
STEMI,0,Topic_1,心肌酶三项,0.0024668234
STEMI,0,Topic_1,呋塞米注射液,0.0024660763
STEMI,0,Topic_1,注射用泮托拉唑,0.0024657955
STEMI,0,Topic_1,体外半自动心脏变律除颤术,0.002464906
STEMI,0,Topic_1,DSA(临时起搏）,0.0024642046
STEMI,0,Topic_1,经皮冠状动脉内支架置入术（STENT）,0.0024636702
STEMI,0,Topic_1,血脂八项,0.002463263
STEMI,0,Topic_1,Ⅰ级护理,0.0024623724
STEMI,0,Topic_1,美托洛尔片,0.0024622018
STEMI,0,Topic_1,氯化钾注射液15%1.5g,0.0024600409
STEMI,0,Topic_1,送DSA室行冠状动脉造影术+PCI术,0.002459537
STEMI,0,Topic_1,尿常规+尿沉渣定量分析,0.0024594506
STEMI,0,Topic_1,依折麦布片,0.0024594094
STEMI,0,Topic_1,临时心脏起搏电极导线(401763美国雅培),0.002457941
STEMI,0,Topic_1,瑞特血糖试纸(GS300：50片,0.0024577973
STEMI,0,Topic_1,艾司奥美拉唑镁肠溶片,0.0024575368
STEMI,0,Topic_1,血栓抽吸术,0.002457467
STEMI,0,Topic_1,心脏彩超：床旁心脏彩超(床旁),0.0024574215
STEMI,0,Topic_1,血氧饱和度监护,0.0024568653
STEMI,0,Topic_1,美托洛尔缓释片,0.0024564678
STEMI,0,Topic_1,DR胸部(心脏)正位片*(1),0.0024552178
STEMI,0,Topic_1,氨氯地平片,0.002455178
STEMI,0,Topic_1,酒石酸美托洛尔片,0.0024551698
STEMI,0,Topic_1,泮托拉唑肠溶片,0.0024547654
STEMI,0,Topic_1,硝酸甘油片,0.002454709
STEMI,0,Topic_1,多巴胺注射液,0.0024478056
STEMI,0,Topic_1,尿常规分析,0.0024440612
STEMI,0,Topic_2,阿司匹林肠溶片,0.04000823
STEMI,0,Topic_2,电解质四项,0.03989064
STEMI,0,Topic_2,肾功五项,0.03934536
STEMI,0,Topic_2,糖化血红蛋白,0.036488242
STEMI,0,Topic_2,血氧饱和度监测,0.0364817
STEMI,0,Topic_2,甲功三项,0.036394063
STEMI,0,Topic_2,肌钙蛋白T,0.036388777
STEMI,0,Topic_2,替格瑞洛片,0.035565022
STEMI,0,Topic_2,常规心电图(床边),0.03296033
STEMI,0,Topic_2,低盐低脂饮食,0.029543592
STEMI,0,Topic_2,瑞舒伐他汀钙片,0.029540757
STEMI,0,Topic_2,尿常规,0.029540587
STEMI,0,Topic_2,心内科常规护理,0.029529529
STEMI,0,Topic_2,三联三通板,0.029524185
STEMI,0,Topic_2,血脂四项,0.029461144
STEMI,0,Topic_2,环柄注射器,0.029258322
STEMI,0,Topic_2,肌酸激酶同工酶CK-MB,0.02604424
STEMI,0,Topic_2,大便常规+隐血,0.022484574
STEMI,0,Topic_2,美托洛尔缓释片,0.019088676
STEMI,0,Topic_2,Ⅰ级护理,0.01559142
STEMI,0,Topic_2,尿常规分析,0.012112579
STEMI,0,Topic_2,多巴胺注射液,0.012109732
STEMI,0,Topic_2,艾司奥美拉唑镁肠溶片,0.008609568
STEMI,0,Topic_2,瑞特血糖试纸(GS300：50片,0.008609369
STEMI,0,Topic_2,血脂八项,0.008605215
STEMI,0,Topic_2,注射用泮托拉唑,0.008603288
STEMI,0,Topic_2,常规心电图检查,0.008600676
STEMI,0,Topic_2,卧床休息,0.008597471
STEMI,0,Topic_2,指引导丝,0.008594161
STEMI,0,Topic_2,eGFR(血肌酐),0.0085923
STEMI,0,Topic_2,硝酸异山梨酯注射液,0.008583413
STEMI,0,Topic_2,枸橼酸钾颗粒,0.008573958
STEMI,0,Topic_2,遥测心电监护（含磁带、电池费用）,0.008569971
STEMI,0,Topic_2,硝酸甘油片,0.0051189573
STEMI,0,Topic_2,泮托拉唑肠溶片,0.0051189144
STEMI,0,Topic_2,酒石酸美托洛尔片,0.0051186066
STEMI,0,Topic_2,氨氯地平片,0.0051186006
STEMI,0,Topic_2,DR胸部(心脏)正位片*(1),0.0051185703
STEMI,0,Topic_2,血氧饱和度监护,0.0051173177
STEMI,0,Topic_2,心脏彩超：床旁心脏彩超(床旁),0.0051168944
STEMI,0,Topic_2,血栓抽吸术,0.00511686
STEMI,0,Topic_2,临时心脏起搏电极导线(401763美国雅培),0.0051164995
STEMI,0,Topic_2,依折麦布片,0.0051153824
STEMI,0,Topic_2,尿常规+尿沉渣定量分析,0.0051153507
STEMI,0,Topic_2,送DSA室行冠状动脉造影术+PCI术,0.0051152855
STEMI,0,Topic_2,氯化钾注射液15%1.5g,0.0051149027
STEMI,0,Topic_2,美托洛尔片,0.0051132594
STEMI,0,Topic_2,经皮冠状动脉内支架置入术（STENT）,0.005112143
STEMI,0,Topic_2,DSA(临时起搏）,0.005111736
STEMI,0,Topic_2,体外半自动心脏变律除颤术,0.0051112026
STEMI,0,Topic_2,呋塞米注射液,0.0051103123
STEMI,0,Topic_2,心肌酶三项,0.0051097446
STEMI,0,Topic_2,降钙素原,0.0051096473
STEMI,0,Topic_2,心梗四项,0.00510961
STEMI,0,Topic_2,氯化钾缓释片,0.005108243
STEMI,0,Topic_2,肌酐Cr,0.005108214
STEMI,0,Topic_2,缺铁四项,0.0051074177
STEMI,0,Topic_2,葡萄糖注射液(5%),0.0051068203
STEMI,0,Topic_2,复方氯化钠注射液,0.005096887
STEMI,0,Topic_2,冠脉扩张球囊(Hiryu各规格日本泰尔茂),0.0050954
STEMI,0,Topic_2,经皮选择性动脉置管术,0.0050766044
STEMI,0,Topic_2,血常规五分类+hsCRP,0.0019525205
STEMI,0,Topic_2,肝功六项,0.0019278377
STEMI,0,Topic_2,凝血四项+D-D,0.0019088574
STEMI,0,Topic_2,心脏彩超：床旁心脏彩超,0.001880197
STEMI,0,Topic_2,泮托拉唑钠肠溶片,0.0018793656
STEMI,0,Topic_2,硝酸甘油注射液,0.0018681451
STEMI,0,Topic_2,肌酸激酶CK,0.0018667169
STEMI,0,Topic_2,依诺肝素钠注射液,0.0018452704
STEMI,0,Topic_2,心电监测,0.0018447888
STEMI,0,Topic_2,心脏彩超：三维心脏彩超及左心功能测定,0.0018390444
STEMI,0,Topic_2,琥珀酸美托洛尔缓释片,0.001836217
STEMI,0,Topic_2,NT-B型钠尿肽NT-BNP,0.0018328485
STEMI,0,Topic_2,尿沉渣镜检,0.0018319032
STEMI,0,Topic_2,大便常规+隐血(体液),0.0018316711
STEMI,0,Topic_2,肌钙蛋白I,0.0018301688
STEMI,0,Topic_2,阿托伐他汀钙片,0.001829607
STEMI,0,Topic_2,缬沙坦氨氯地平片(I),0.0018263306
STEMI,0,Topic_2,阿利西尤单抗注射液,0.0018229999
STEMI,0,Topic_2,*拔除动脉鞘管,0.0018216022
STEMI,0,Topic_2,贝那普利片,0.0018197171
STEMI,0,Topic_2,低盐低脂糖尿病饮食,0.0018196271
STEMI,0,Topic_2,盐酸替罗非班氯化钠注射液,0.001817888
STEMI,0,Topic_2,DR胸部正位片(床旁),0.0018173867
STEMI,0,Topic_2,常规心电图检查(三通道、十二通道加收),0.001817095
STEMI,0,Topic_2,凝血四项,0.001815883
STEMI,0,Topic_2,血管彩超：颈动脉+椎动脉,0.001815849
STEMI,0,Topic_2,螺内酯片,0.0018155898
STEMI,0,Topic_2,培哚普利叔丁胺片,0.0018152373
STEMI,0,Topic_2,D-二聚体定量D-D,0.0018143186
STEMI,0,Topic_2,达格列净片,0.0018139214
STEMI,0,Topic_2,*血压监测,0.0018137232
STEMI,0,Topic_2,注射用重组人尿激酶原,0.0018134394
STEMI,0,Topic_2,乳果糖口服溶液,0.0018130543
STEMI,0,Topic_2,肝素钠注射液,0.0018126203
STEMI,0,Topic_2,地塞米松磷酸钠注射液,0.0018126061
STEMI,0,Topic_2,雷贝拉唑钠肠溶片,0.0018124616
STEMI,0,Topic_2,冠脉扩张球囊(Tazuna各规格日本泰尔茂),0.0018124348
STEMI,0,Topic_2,心脏电除颤术,0.0018122164
STEMI,0,Topic_2,沙库巴曲缬沙坦片,0.0018119836
STEMI,0,Topic_2,吗啡注射液,0.0018115239
STEMI,0,Topic_2,钴基合金雷帕霉素洗脱支架系统(LPRPC272427*24北京乐普),0.0018110044
STEMI,0,Topic_2,血管彩超：颈、椎动脉+锁骨下动脉,0.0018108774
STEMI,0,Topic_2,电脑血糖监测,0.0018106923
STEMI,0,Topic_2,阿托品注射液,0.0018106396
STEMI,0,Topic_2,跌倒,0.0018105588
STEMI,0,Topic_2,送DSA行急诊冠脉造影+PCI术,0.0018105307
STEMI,0,Topic_2,葡萄糖氯化钠注射液,0.0018102829
STEMI,0,Topic_2,胺碘酮注射液,0.0018099016
STEMI,0,Topic_2,凝血四项+D-D[血液室],0.0018096713
STEMI,0,Topic_2,肝功五项,0.0018096603
STEMI,0,Topic_2,葡萄糖注射液(5%)(直立式软袋),0.0018096387
STEMI,0,Topic_2,急诊带入硝甘组液,0.0018092247
STEMI,0,Topic_2,冠脉雷帕霉素洗脱钴基合金支架系统(G27232.75*23上海微创),0.0018092052
STEMI,0,Topic_2,外周血细胞形态,0.0018089806
STEMI,0,Topic_2,指引导丝(HI-TORQUEBALANCEMIDDLEWEIGHTUNIVERSALII美国雅培),0.0018088517
STEMI,0,Topic_2,冠脉雷帕霉素洗脱钴基合金支架系统(G35183.5*18上海微创),0.001808742
STEMI,0,Topic_2,单硝酸异山梨酯缓释片,0.0018084892
STEMI,0,Topic_2,心脏电复律术,0.0018082837
STEMI,0,Topic_2,冠状动脉造影术,0.0018081951
STEMI,0,Topic_2,维生素C注射液,0.0018081202
STEMI,0,Topic_2,血常规五分类,0.0018080072
STEMI,0,Topic_2,心脏彩超：三维心脏彩超及心功能测定,0.001807774
STEMI,0,Topic_2,注射用重组人脑利钠肽,0.0018074298
STEMI,1,Topic_1,氯化钾缓释片,0.11314208
STEMI,1,Topic_1,动态血压监测(心内科),0.113142066
STEMI,1,Topic_1,心肌酶三项,0.113142066
STEMI,1,Topic_1,肾功五项,0.113142066
STEMI,1,Topic_1,尼可地尔片,0.113142066
STEMI,1,Topic_1,瑞特血糖试纸(GS300：50片,0.113142066
STEMI,1,Topic_1,NT-B型钠尿肽NT-BNP,0.009620891
STEMI,1,Topic_1,肌钙蛋白I,0.009620887
STEMI,1,Topic_1,电解质四项,0.009620886
STEMI,1,Topic_1,肌钙蛋白T,0.009428557
STEMI,1,Topic_1,Ⅰ级护理,0.00942855
STEMI,1,Topic_1,美托洛尔缓释片,0.009428549
STEMI,1,Topic_1,依洛尤单抗注射液,0.009428549
STEMI,1,Topic_1,血常规五分类+hsCRP,0.009428549
STEMI,1,Topic_1,沙库巴曲缬沙坦片,0.009428549
STEMI,1,Topic_1,螺内酯片,0.009428548
STEMI,1,Topic_1,常规心电图(床边),0.009428548
STEMI,1,Topic_1,复方氯化钠注射液,0.009428547
STEMI,1,Topic_1,甲钴胺片,0.009428547
STEMI,1,Topic_1,肌酐Cr,0.009428547
STEMI,1,Topic_1,Ⅱ级护理,0.009428547
STEMI,1,Topic_1,阿普唑仑片,0.009428547
STEMI,1,Topic_1,肌酸激酶CK,0.009428547
STEMI,1,Topic_1,氯沙坦钾片,0.009428547
STEMI,1,Topic_1,大便常规+隐血,0.009428547
STEMI,1,Topic_1,甲功五项,0.009428547
STEMI,1,Topic_1,肌酸激酶同工酶CK-MB,0.009428547
STEMI,1,Topic_1,心脏彩超：床旁心脏彩超,0.009428546
STEMI,1,Topic_1,硝酸异山梨酯注射液,0.009428546
STEMI,1,Topic_1,二甲双胍片,0.009428546
STEMI,1,Topic_1,谷丙转氨酶ALT,0.009428546
STEMI,1,Topic_1,尿常规,0.009428546
STEMI,1,Topic_1,高流量给氧,0.009428546
STEMI,1,Topic_1,呋塞米片,0.009428546
STEMI,1,Topic_1,电脑血糖监测,0.009428546
STEMI,1,Topic_1,琥珀酸美托洛尔缓释片,0.009428546
STEMI,1,Topic_1,ECT静息门控心肌灌注显象,0.009428546
STEMI,1,Topic_1,电解质六项,0.009428546
STEMI,1,Topic_1,维生素B1片,0.009428545
STEMI,1,Topic_1,*拔除动脉鞘管,0.009428545
STEMI,1,Topic_2,*拔除动脉鞘管,0.1642456
STEMI,1,Topic_2,维生素B1片,0.1642456
STEMI,1,Topic_2,电脑血糖监测,0.1642456
STEMI,1,Topic_2,肌钙蛋白T,0.01424562
STEMI,1,Topic_2,电解质四项,0.013966409
STEMI,1,Topic_2,肌钙蛋白I,0.013687189
STEMI,1,Topic_2,NT-B型钠尿肽NT-BNP,0.013687183
STEMI,1,Topic_2,常规心电图(床边),0.013687179
STEMI,1,Topic_2,血常规五分类+hsCRP,0.013687179
STEMI,1,Topic_2,Ⅰ级护理,0.0136871785
STEMI,1,Topic_2,依洛尤单抗注射液,0.0136871785
STEMI,1,Topic_2,沙库巴曲缬沙坦片,0.0136871785
STEMI,1,Topic_2,美托洛尔缓释片,0.0136871785
STEMI,1,Topic_2,螺内酯片,0.013687177
STEMI,1,Topic_2,尼可地尔片,0.013687177
STEMI,1,Topic_2,瑞特血糖试纸(GS300：50片,0.013687175
STEMI,1,Topic_2,呋塞米片,0.013687175
STEMI,1,Topic_2,谷丙转氨酶ALT,0.013687175
STEMI,1,Topic_2,动态血压监测(心内科),0.013687175
STEMI,1,Topic_2,甲功五项,0.013687175
STEMI,1,Topic_2,氯沙坦钾片,0.013687175
STEMI,1,Topic_2,阿普唑仑片,0.013687175
STEMI,1,Topic_2,大便常规+隐血,0.013687175
STEMI,1,Topic_2,尿常规,0.013687175
STEMI,1,Topic_2,氯化钾缓释片,0.013687174
STEMI,1,Topic_2,甲钴胺片,0.013687174
STEMI,1,Topic_2,二甲双胍片,0.013687174
STEMI,1,Topic_2,复方氯化钠注射液,0.013687174
STEMI,1,Topic_2,心脏彩超：床旁心脏彩超,0.013687174
STEMI,1,Topic_2,Ⅱ级护理,0.013687174
STEMI,1,Topic_2,心肌酶三项,0.013687174
STEMI,1,Topic_2,琥珀酸美托洛尔缓释片,0.013687174
STEMI,1,Topic_2,ECT静息门控心肌灌注显象,0.013687174
STEMI,1,Topic_2,肌酸激酶CK,0.013687174
STEMI,1,Topic_2,电解质六项,0.013687174
STEMI,1,Topic_2,肾功五项,0.013687174
STEMI,1,Topic_2,硝酸异山梨酯注射液,0.013687174
STEMI,1,Topic_2,高流量给氧,0.013687174
STEMI,1,Topic_2,肌酸激酶同工酶CK-MB,0.013687173
STEMI,1,Topic_2,肌酐Cr,0.013687173
STEMI,1,Topic_3,美托洛尔缓释片,0.2419494
STEMI,1,Topic_3,阿普唑仑片,0.12623422
STEMI,1,Topic_3,二甲双胍片,0.12623422
STEMI,1,Topic_3,尿常规,0.12623422
STEMI,1,Topic_3,肌钙蛋白T,0.010734158
STEMI,1,Topic_3,依洛尤单抗注射液,0.01073415
STEMI,1,Topic_3,沙库巴曲缬沙坦片,0.0107341455
STEMI,1,Topic_3,肌钙蛋白I,0.010519571
STEMI,1,Topic_3,电解质四项,0.010519567
STEMI,1,Topic_3,血常规五分类+hsCRP,0.010519566
STEMI,1,Topic_3,常规心电图(床边),0.010519563
STEMI,1,Topic_3,NT-B型钠尿肽NT-BNP,0.010519563
STEMI,1,Topic_3,Ⅰ级护理,0.010519561
STEMI,1,Topic_3,Ⅱ级护理,0.01051956
STEMI,1,Topic_3,螺内酯片,0.0105195595
STEMI,1,Topic_3,大便常规+隐血,0.0105195595
STEMI,1,Topic_3,硝酸异山梨酯注射液,0.0105195595
STEMI,1,Topic_3,氯沙坦钾片,0.0105195595
STEMI,1,Topic_3,甲钴胺片,0.0105195595
STEMI,1,Topic_3,琥珀酸美托洛尔缓释片,0.0105195595
STEMI,1,Topic_3,心肌酶三项,0.0105195595
STEMI,1,Topic_3,电脑血糖监测,0.0105195595
STEMI,1,Topic_3,复方氯化钠注射液,0.0105195595
STEMI,1,Topic_3,呋塞米片,0.0105195595
STEMI,1,Topic_3,尼可地尔片,0.0105195595
STEMI,1,Topic_3,高流量给氧,0.0105195595
STEMI,1,Topic_3,心脏彩超：床旁心脏彩超,0.010519559
STEMI,1,Topic_3,维生素B1片,0.010519559
STEMI,1,Topic_3,谷丙转氨酶ALT,0.010519559
STEMI,1,Topic_3,*拔除动脉鞘管,0.010519559
STEMI,1,Topic_3,瑞特血糖试纸(GS300：50片,0.010519559
STEMI,1,Topic_3,肌酸激酶同工酶CK-MB,0.010519559
STEMI,1,Topic_3,ECT静息门控心肌灌注显象,0.010519559
STEMI,1,Topic_3,肾功五项,0.010519559
STEMI,1,Topic_3,电解质六项,0.010519559
STEMI,1,Topic_3,肌酸激酶CK,0.010519559
STEMI,1,Topic_3,动态血压监测(心内科),0.010519559
STEMI,1,Topic_3,肌酐Cr,0.010519559
STEMI,1,Topic_3,甲功五项,0.010519558
STEMI,1,Topic_3,氯化钾缓释片,0.010519558
STEMI,1,Topic_4,肌钙蛋白I,0.47783026
STEMI,1,Topic_4,甲功五项,0.102606125
STEMI,1,Topic_4,琥珀酸美托洛尔缓释片,0.10260611
STEMI,1,Topic_4,NT-B型钠尿肽NT-BNP,0.008963284
STEMI,1,Topic_4,血常规五分类+hsCRP,0.008724989
STEMI,1,Topic_4,电解质四项,0.008550558
STEMI,1,Topic_4,肌钙蛋白T,0.008550558
STEMI,1,Topic_4,依洛尤单抗注射液,0.008550553
STEMI,1,Topic_4,美托洛尔缓释片,0.008550553
STEMI,1,Topic_4,常规心电图(床边),0.008550553
STEMI,1,Topic_4,Ⅰ级护理,0.008550552
STEMI,1,Topic_4,沙库巴曲缬沙坦片,0.008550551
STEMI,1,Topic_4,瑞特血糖试纸(GS300：50片,0.00855055
STEMI,1,Topic_4,尿常规,0.00855055
STEMI,1,Topic_4,心肌酶三项,0.00855055
STEMI,1,Topic_4,ECT静息门控心肌灌注显象,0.00855055
STEMI,1,Topic_4,复方氯化钠注射液,0.00855055
STEMI,1,Topic_4,呋塞米片,0.00855055
STEMI,1,Topic_4,甲钴胺片,0.00855055
STEMI,1,Topic_4,大便常规+隐血,0.00855055
STEMI,1,Topic_4,肾功五项,0.00855055
STEMI,1,Topic_4,氯沙坦钾片,0.00855055
STEMI,1,Topic_4,阿普唑仑片,0.00855055
STEMI,1,Topic_4,心脏彩超：床旁心脏彩超,0.00855055
STEMI,1,Topic_4,尼可地尔片,0.00855055
STEMI,1,Topic_4,螺内酯片,0.00855055
STEMI,1,Topic_4,维生素B1片,0.008550549
STEMI,1,Topic_4,肌酐Cr,0.008550549
STEMI,1,Topic_4,电脑血糖监测,0.008550549
STEMI,1,Topic_4,肌酸激酶同工酶CK-MB,0.008550549
STEMI,1,Topic_4,动态血压监测(心内科),0.008550549
STEMI,1,Topic_4,硝酸异山梨酯注射液,0.008550549
STEMI,1,Topic_4,高流量给氧,0.008550549
STEMI,1,Topic_4,Ⅱ级护理,0.008550549
STEMI,1,Topic_4,谷丙转氨酶ALT,0.008550548
STEMI,1,Topic_4,*拔除动脉鞘管,0.008550548
STEMI,1,Topic_4,二甲双胍片,0.008550548
STEMI,1,Topic_4,肌酸激酶CK,0.008550548
STEMI,1,Topic_4,电解质六项,0.008550548
STEMI,1,Topic_4,氯化钾缓释片,0.008550548
STEMI,1,Topic_5,肌酐Cr,0.14285693
STEMI,1,Topic_5,谷丙转氨酶ALT,0.14285693
STEMI,1,Topic_5,Ⅱ级护理,0.14285693
STEMI,1,Topic_5,大便常规+隐血,0.14285691
STEMI,1,Topic_5,电解质四项,0.011904799
STEMI,1,Topic_5,肌钙蛋白T,0.011904798
STEMI,1,Topic_5,肌钙蛋白I,0.011904796
STEMI,1,Topic_5,血常规五分类+hsCRP,0.011904793
STEMI,1,Topic_5,NT-B型钠尿肽NT-BNP,0.011904793
STEMI,1,Topic_5,美托洛尔缓释片,0.011904788
STEMI,1,Topic_5,沙库巴曲缬沙坦片,0.011904788
STEMI,1,Topic_5,常规心电图(床边),0.011904788
STEMI,1,Topic_5,Ⅰ级护理,0.011904788
STEMI,1,Topic_5,依洛尤单抗注射液,0.011904787
STEMI,1,Topic_5,肌酸激酶同工酶CK-MB,0.011904786
STEMI,1,Topic_5,尼可地尔片,0.011904785
STEMI,1,Topic_5,心肌酶三项,0.011904785
STEMI,1,Topic_5,高流量给氧,0.011904785
STEMI,1,Topic_5,呋塞米片,0.011904785
STEMI,1,Topic_5,瑞特血糖试纸(GS300：50片,0.011904785
STEMI,1,Topic_5,心脏彩超：床旁心脏彩超,0.011904785
STEMI,1,Topic_5,氯沙坦钾片,0.011904785
STEMI,1,Topic_5,肌酸激酶CK,0.011904785
STEMI,1,Topic_5,电解质六项,0.011904785
STEMI,1,Topic_5,ECT静息门控心肌灌注显象,0.0119047845
STEMI,1,Topic_5,甲功五项,0.0119047845
STEMI,1,Topic_5,动态血压监测(心内科),0.0119047845
STEMI,1,Topic_5,氯化钾缓释片,0.0119047845
STEMI,1,Topic_5,肾功五项,0.0119047845
STEMI,1,Topic_5,维生素B1片,0.0119047845
STEMI,1,Topic_5,甲钴胺片,0.0119047845
STEMI,1,Topic_5,复方氯化钠注射液,0.0119047845
STEMI,1,Topic_5,阿普唑仑片,0.0119047845
STEMI,1,Topic_5,尿常规,0.0119047845
STEMI,1,Topic_5,螺内酯片,0.0119047845
STEMI,1,Topic_5,*拔除动脉鞘管,0.0119047845
STEMI,1,Topic_5,电脑血糖监测,0.0119047845
STEMI,1,Topic_5,二甲双胍片,0.0119047845
STEMI,1,Topic_5,琥珀酸美托洛尔缓释片,0.0119047845
STEMI,1,Topic_5,硝酸异山梨酯注射液,0.011904784
STEMI,1,Topic_6,NT-B型钠尿肽NT-BNP,0.2652308
STEMI,1,Topic_6,Ⅰ级护理,0.17978385
STEMI,1,Topic_6,常规心电图(床边),0.17978385
STEMI,1,Topic_6,ECT静息门控心肌灌注显象,0.09380004
STEMI,1,Topic_6,肌钙蛋白T,0.007816719
STEMI,1,Topic_6,肌钙蛋白I,0.007816717
STEMI,1,Topic_6,电解质四项,0.007816714
STEMI,1,Topic_6,血常规五分类+hsCRP,0.007816711
STEMI,1,Topic_6,依洛尤单抗注射液,0.0078167105
STEMI,1,Topic_6,美托洛尔缓释片,0.0078167105
STEMI,1,Topic_6,沙库巴曲缬沙坦片,0.0078167105
STEMI,1,Topic_6,尼可地尔片,0.00781671
STEMI,1,Topic_6,大便常规+隐血,0.00781671
STEMI,1,Topic_6,尿常规,0.007816709
STEMI,1,Topic_6,螺内酯片,0.007816709
STEMI,1,Topic_6,复方氯化钠注射液,0.007816709
STEMI,1,Topic_6,二甲双胍片,0.007816709
STEMI,1,Topic_6,甲钴胺片,0.007816709
STEMI,1,Topic_6,维生素B1片,0.007816709
STEMI,1,Topic_6,氯化钾缓释片,0.007816709
STEMI,1,Topic_6,心脏彩超：床旁心脏彩超,0.007816709
STEMI,1,Topic_6,呋塞米片,0.007816709
STEMI,1,Topic_6,瑞特血糖试纸(GS300：50片,0.007816709
STEMI,1,Topic_6,Ⅱ级护理,0.007816709
STEMI,1,Topic_6,心肌酶三项,0.007816709
STEMI,1,Topic_6,琥珀酸美托洛尔缓释片,0.007816709
STEMI,1,Topic_6,谷丙转氨酶ALT,0.007816709
STEMI,1,Topic_6,*拔除动脉鞘管,0.007816709
STEMI,1,Topic_6,肌酸激酶CK,0.007816709
STEMI,1,Topic_6,电解质六项,0.007816709
STEMI,1,Topic_6,肾功五项,0.007816709
STEMI,1,Topic_6,肌酸激酶同工酶CK-MB,0.007816709
STEMI,1,Topic_6,甲功五项,0.007816709
STEMI,1,Topic_6,氯沙坦钾片,0.007816709
STEMI,1,Topic_6,阿普唑仑片,0.007816709
STEMI,1,Topic_6,电脑血糖监测,0.007816709
STEMI,1,Topic_6,高流量给氧,0.007816708
STEMI,1,Topic_6,动态血压监测(心内科),0.007816708
STEMI,1,Topic_6,硝酸异山梨酯注射液,0.007816708
STEMI,1,Topic_6,肌酐Cr,0.007816708
STEMI,1,Topic_7,甲钴胺片,0.23529369
STEMI,1,Topic_7,肌钙蛋白T,0.01960787
STEMI,1,Topic_7,肌钙蛋白I,0.019607868
STEMI,1,Topic_7,电解质四项,0.019607868
STEMI,1,Topic_7,NT-B型钠尿肽NT-BNP,0.019607864
STEMI,1,Topic_7,血常规五分类+hsCRP,0.019607864
STEMI,1,Topic_7,Ⅰ级护理,0.019607859
STEMI,1,Topic_7,美托洛尔缓释片,0.019607857
STEMI,1,Topic_7,尼可地尔片,0.019607855
STEMI,1,Topic_7,常规心电图(床边),0.019607855
STEMI,1,Topic_7,依洛尤单抗注射液,0.019607855
STEMI,1,Topic_7,复方氯化钠注射液,0.019607855
STEMI,1,Topic_7,沙库巴曲缬沙坦片,0.019607855
STEMI,1,Topic_7,尿常规,0.019607853
STEMI,1,Topic_7,维生素B1片,0.019607853
STEMI,1,Topic_7,螺内酯片,0.019607853
STEMI,1,Topic_7,呋塞米片,0.019607853
STEMI,1,Topic_7,琥珀酸美托洛尔缓释片,0.019607853
STEMI,1,Topic_7,心脏彩超：床旁心脏彩超,0.019607853
STEMI,1,Topic_7,肌酐Cr,0.019607853
STEMI,1,Topic_7,硝酸异山梨酯注射液,0.019607853
STEMI,1,Topic_7,阿普唑仑片,0.019607853
STEMI,1,Topic_7,氯沙坦钾片,0.019607853
STEMI,1,Topic_7,甲功五项,0.019607853
STEMI,1,Topic_7,大便常规+隐血,0.019607853
STEMI,1,Topic_7,谷丙转氨酶ALT,0.019607851
STEMI,1,Topic_7,氯化钾缓释片,0.019607851
STEMI,1,Topic_7,动态血压监测(心内科),0.019607851
STEMI,1,Topic_7,二甲双胍片,0.019607851
STEMI,1,Topic_7,肌酸激酶同工酶CK-MB,0.019607851
STEMI,1,Topic_7,肾功五项,0.019607851
STEMI,1,Topic_7,电解质六项,0.019607851
STEMI,1,Topic_7,高流量给氧,0.019607851
STEMI,1,Topic_7,肌酸激酶CK,0.019607851
STEMI,1,Topic_7,瑞特血糖试纸(GS300：50片,0.019607851
STEMI,1,Topic_7,电脑血糖监测,0.019607851
STEMI,1,Topic_7,心肌酶三项,0.019607851
STEMI,1,Topic_7,*拔除动脉鞘管,0.019607851
STEMI,1,Topic_7,ECT静息门控心肌灌注显象,0.019607851
STEMI,1,Topic_7,Ⅱ级护理,0.019607851
STEMI,1,Topic_8,依洛尤单抗注射液,0.24157415
STEMI,1,Topic_8,硝酸异山梨酯注射液,0.12615034
STEMI,1,Topic_8,心脏彩超：床旁心脏彩超,0.12615034
STEMI,1,Topic_8,肌酸激酶同工酶CK-MB,0.12615034
STEMI,1,Topic_8,肌钙蛋白I,0.011527455
STEMI,1,Topic_8,血常规五分类+hsCRP,0.0110199945
STEMI,1,Topic_8,肌钙蛋白T,0.010512581
STEMI,1,Topic_8,电解质四项,0.01051258
STEMI,1,Topic_8,NT-B型钠尿肽NT-BNP,0.0105125755
STEMI,1,Topic_8,沙库巴曲缬沙坦片,0.010512574
STEMI,1,Topic_8,Ⅰ级护理,0.010512573
STEMI,1,Topic_8,常规心电图(床边),0.010512573
STEMI,1,Topic_8,美托洛尔缓释片,0.010512572
STEMI,1,Topic_8,ECT静息门控心肌灌注显象,0.01051257
STEMI,1,Topic_8,瑞特血糖试纸(GS300：50片,0.01051257
STEMI,1,Topic_8,呋塞米片,0.01051257
STEMI,1,Topic_8,心肌酶三项,0.01051257
STEMI,1,Topic_8,琥珀酸美托洛尔缓释片,0.01051257
STEMI,1,Topic_8,谷丙转氨酶ALT,0.01051257
STEMI,1,Topic_8,肌酸激酶CK,0.01051257
STEMI,1,Topic_8,大便常规+隐血,0.01051257
STEMI,1,Topic_8,肾功五项,0.01051257
STEMI,1,Topic_8,动态血压监测(心内科),0.01051257
STEMI,1,Topic_8,阿普唑仑片,0.01051257
STEMI,1,Topic_8,尿常规,0.01051257
STEMI,1,Topic_8,尼可地尔片,0.01051257
STEMI,1,Topic_8,氯化钾缓释片,0.010512569
STEMI,1,Topic_8,维生素B1片,0.010512569
STEMI,1,Topic_8,甲钴胺片,0.010512569
STEMI,1,Topic_8,二甲双胍片,0.010512569
STEMI,1,Topic_8,Ⅱ级护理,0.010512569
STEMI,1,Topic_8,高流量给氧,0.010512569
STEMI,1,Topic_8,螺内酯片,0.010512569
STEMI,1,Topic_8,电脑血糖监测,0.010512569
STEMI,1,Topic_8,*拔除动脉鞘管,0.010512569
STEMI,1,Topic_8,电解质六项,0.010512569
STEMI,1,Topic_8,甲功五项,0.010512569
STEMI,1,Topic_8,氯沙坦钾片,0.010512569
STEMI,1,Topic_8,复方氯化钠注射液,0.010512569
STEMI,1,Topic_8,肌酐Cr,0.010512568
STEMI,1,Topic_9,电解质四项,0.38414672
STEMI,1,Topic_9,肌酸激酶CK,0.10264195
STEMI,1,Topic_9,螺内酯片,0.10264194
STEMI,1,Topic_9,氯沙坦钾片,0.10264194
STEMI,1,Topic_9,肌钙蛋白I,0.008553544
STEMI,1,Topic_9,肌钙蛋白T,0.008553544
STEMI,1,Topic_9,血常规五分类+hsCRP,0.008553541
STEMI,1,Topic_9,NT-B型钠尿肽NT-BNP,0.00855354
STEMI,1,Topic_9,Ⅰ级护理,0.0085535385
STEMI,1,Topic_9,常规心电图(床边),0.0085535385
STEMI,1,Topic_9,沙库巴曲缬沙坦片,0.0085535385
STEMI,1,Topic_9,依洛尤单抗注射液,0.008553537
STEMI,1,Topic_9,美托洛尔缓释片,0.008553537
STEMI,1,Topic_9,高流量给氧,0.008553536
STEMI,1,Topic_9,复方氯化钠注射液,0.008553536
STEMI,1,Topic_9,尼可地尔片,0.008553536
STEMI,1,Topic_9,呋塞米片,0.008553536
STEMI,1,Topic_9,二甲双胍片,0.008553536
STEMI,1,Topic_9,甲钴胺片,0.008553536
STEMI,1,Topic_9,维生素B1片,0.008553536
STEMI,1,Topic_9,氯化钾缓释片,0.008553536
STEMI,1,Topic_9,心脏彩超：床旁心脏彩超,0.008553536
STEMI,1,Topic_9,尿常规,0.008553536
STEMI,1,Topic_9,瑞特血糖试纸(GS300：50片,0.008553536
STEMI,1,Topic_9,肌酐Cr,0.008553536
STEMI,1,Topic_9,心肌酶三项,0.008553536
STEMI,1,Topic_9,琥珀酸美托洛尔缓释片,0.008553536
STEMI,1,Topic_9,ECT静息门控心肌灌注显象,0.008553536
STEMI,1,Topic_9,谷丙转氨酶ALT,0.008553536
STEMI,1,Topic_9,*拔除动脉鞘管,0.008553536
STEMI,1,Topic_9,大便常规+隐血,0.008553536
STEMI,1,Topic_9,电解质六项,0.008553536
STEMI,1,Topic_9,肾功五项,0.008553536
STEMI,1,Topic_9,肌酸激酶同工酶CK-MB,0.008553536
STEMI,1,Topic_9,动态血压监测(心内科),0.008553536
STEMI,1,Topic_9,甲功五项,0.008553536
STEMI,1,Topic_9,阿普唑仑片,0.008553536
STEMI,1,Topic_9,电脑血糖监测,0.008553536
STEMI,1,Topic_9,Ⅱ级护理,0.008553536
STEMI,1,Topic_9,硝酸异山梨酯注射液,0.008553535
STEMI,1,Topic_10,血常规五分类+hsCRP,0.3201686
STEMI,1,Topic_10,呋塞米片,0.113229066
STEMI,1,Topic_10,高流量给氧,0.113229066
STEMI,1,Topic_10,电解质六项,0.113229066
STEMI,1,Topic_10,电解质四项,0.00989125
STEMI,1,Topic_10,肌钙蛋白T,0.009435807
STEMI,1,Topic_10,肌钙蛋白I,0.0094358055
STEMI,1,Topic_10,NT-B型钠尿肽NT-BNP,0.009435801
STEMI,1,Topic_10,依洛尤单抗注射液,0.0094358
STEMI,1,Topic_10,常规心电图(床边),0.0094358
STEMI,1,Topic_10,沙库巴曲缬沙坦片,0.0094358
STEMI,1,Topic_10,Ⅰ级护理,0.009435798
STEMI,1,Topic_10,美托洛尔缓释片,0.009435798
STEMI,1,Topic_10,尿常规,0.009435796
STEMI,1,Topic_10,复方氯化钠注射液,0.009435796
STEMI,1,Topic_10,甲钴胺片,0.009435796
STEMI,1,Topic_10,维生素B1片,0.009435796
STEMI,1,Topic_10,氯化钾缓释片,0.009435796
STEMI,1,Topic_10,心脏彩超：床旁心脏彩超,0.009435796
STEMI,1,Topic_10,瑞特血糖试纸(GS300：50片,0.009435796
STEMI,1,Topic_10,尼可地尔片,0.009435796
STEMI,1,Topic_10,电脑血糖监测,0.009435796
STEMI,1,Topic_10,肌酐Cr,0.009435796
STEMI,1,Topic_10,琥珀酸美托洛尔缓释片,0.009435796
STEMI,1,Topic_10,硝酸异山梨酯注射液,0.009435796
STEMI,1,Topic_10,阿普唑仑片,0.009435796
STEMI,1,Topic_10,氯沙坦钾片,0.009435796
STEMI,1,Topic_10,甲功五项,0.009435796
STEMI,1,Topic_10,肌酸激酶同工酶CK-MB,0.009435796
STEMI,1,Topic_10,心肌酶三项,0.009435796
STEMI,1,Topic_10,Ⅱ级护理,0.009435796
STEMI,1,Topic_10,大便常规+隐血,0.009435796
STEMI,1,Topic_10,肌酸激酶CK,0.009435796
STEMI,1,Topic_10,*拔除动脉鞘管,0.009435796
STEMI,1,Topic_10,谷丙转氨酶ALT,0.009435796
STEMI,1,Topic_10,ECT静息门控心肌灌注显象,0.009435796
STEMI,1,Topic_10,肾功五项,0.009435796
STEMI,1,Topic_10,动态血压监测(心内科),0.009435795
STEMI,1,Topic_10,螺内酯片,0.009435795
STEMI,1,Topic_10,二甲双胍片,0.009435795
STEMI,1,Topic_11,肌钙蛋白T,0.43730074
STEMI,1,Topic_11,沙库巴曲缬沙坦片,0.17964247
STEMI,1,Topic_11,复方氯化钠注射液,0.09380946
STEMI,1,Topic_11,电解质四项,0.007817504
STEMI,1,Topic_11,肌钙蛋白I,0.007817504
STEMI,1,Topic_11,NT-B型钠尿肽NT-BNP,0.007817499
STEMI,1,Topic_11,血常规五分类+hsCRP,0.007817498
STEMI,1,Topic_11,依洛尤单抗注射液,0.007817498
STEMI,1,Topic_11,Ⅰ级护理,0.007817498
STEMI,1,Topic_11,美托洛尔缓释片,0.007817497
STEMI,1,Topic_11,常规心电图(床边),0.007817497
STEMI,1,Topic_11,阿普唑仑片,0.007817497
STEMI,1,Topic_11,甲钴胺片,0.007817496
STEMI,1,Topic_11,尼可地尔片,0.007817496
STEMI,1,Topic_11,尿常规,0.007817496
STEMI,1,Topic_11,螺内酯片,0.007817496
STEMI,1,Topic_11,瑞特血糖试纸(GS300：50片,0.007817496
STEMI,1,Topic_11,ECT静息门控心肌灌注显象,0.007817496
STEMI,1,Topic_11,维生素B1片,0.007817496
STEMI,1,Topic_11,肌酐Cr,0.007817496
STEMI,1,Topic_11,大便常规+隐血,0.007817496
STEMI,1,Topic_11,电解质六项,0.007817496
STEMI,1,Topic_11,*拔除动脉鞘管,0.007817495
STEMI,1,Topic_11,心脏彩超：床旁心脏彩超,0.007817495
STEMI,1,Topic_11,硝酸异山梨酯注射液,0.007817495
STEMI,1,Topic_11,氯化钾缓释片,0.007817495
STEMI,1,Topic_11,氯沙坦钾片,0.007817495
STEMI,1,Topic_11,甲功五项,0.007817495
STEMI,1,Topic_11,动态血压监测(心内科),0.007817495
STEMI,1,Topic_11,肌酸激酶同工酶CK-MB,0.007817495
STEMI,1,Topic_11,肾功五项,0.007817495
STEMI,1,Topic_11,高流量给氧,0.007817495
STEMI,1,Topic_11,呋塞米片,0.007817495
STEMI,1,Topic_11,肌酸激酶CK,0.007817495
STEMI,1,Topic_11,电脑血糖监测,0.007817495
STEMI,1,Topic_11,心肌酶三项,0.007817495
STEMI,1,Topic_11,琥珀酸美托洛尔缓释片,0.007817495
STEMI,1,Topic_11,谷丙转氨酶ALT,0.007817495
STEMI,1,Topic_11,Ⅱ级护理,0.007817495
STEMI,1,Topic_11,二甲双胍片,0.007817494
STEMI,2,Topic_1,风湿三项,0.085351154
STEMI,2,Topic_1,心梗四项,0.085351124
STEMI,2,Topic_1,美托洛尔缓释片,0.085351095
STEMI,2,Topic_1,血沉ESR,0.085351065
STEMI,2,Topic_1,心内高压注射器,0.08535105
STEMI,2,Topic_1,常规心电图(床边),0.08535101
STEMI,2,Topic_1,洛索洛芬钠片,0.08535087
STEMI,2,Topic_1,(免费)咽拭子新型冠状病毒RNA,0.085350834
STEMI,2,Topic_1,肌钙蛋白I,0.012331187
STEMI,2,Topic_1,NT-B型钠尿肽NT-BNP,0.0121950125
STEMI,2,Topic_1,肌钙蛋白T,0.012194819
STEMI,2,Topic_1,电解质四项,0.012194726
STEMI,2,Topic_1,沙库巴曲缬沙坦片,0.012194637
STEMI,2,Topic_1,肝酶五项,0.012194604
STEMI,2,Topic_1,硝酸甘油注射液,0.012194602
STEMI,2,Topic_1,肾功五项,0.012194571
STEMI,2,Topic_1,血常规五分类+hsCRP,0.0121945655
STEMI,2,Topic_1,DSA(冠脉造影),0.012194521
STEMI,2,Topic_1,阿司匹林肠溶片,0.012194471
STEMI,2,Topic_1,ENA多肽抗体谱,0.012194364
STEMI,2,Topic_1,多巴胺注射液,0.012194352
STEMI,2,Topic_1,复方氯化钠注射液,0.012194324
STEMI,2,Topic_1,葡萄糖注射液(5%),0.012194316
STEMI,2,Topic_1,达格列净片,0.012194299
STEMI,2,Topic_1,钾K+,0.012194289
STEMI,2,Topic_1,瑞舒伐他汀钙片,0.01219428
STEMI,2,Topic_1,阿利沙坦酯片,0.012194277
STEMI,2,Topic_1,培哚普利叔丁胺片,0.012194272
STEMI,2,Topic_1,尿常规分析,0.012194269
STEMI,2,Topic_1,高流量给氧,0.012194265
STEMI,2,Topic_1,Ⅱ级护理,0.012194263
STEMI,2,Topic_1,三联三通板,0.012194233
STEMI,2,Topic_1,替格瑞洛片,0.01219422
STEMI,2,Topic_1,环柄注射器,0.012194118
STEMI,2,Topic_2,肾功五项,0.24989253
STEMI,2,Topic_2,肌钙蛋白T,0.24974626
STEMI,2,Topic_2,葡萄糖注射液(5%),0.09206384
STEMI,2,Topic_2,电解质四项,0.013691925
STEMI,2,Topic_2,肌钙蛋白I,0.013154783
STEMI,2,Topic_2,NT-B型钠尿肽NT-BNP,0.013154282
STEMI,2,Topic_2,沙库巴曲缬沙坦片,0.013153806
STEMI,2,Topic_2,血常规五分类+hsCRP,0.013153761
STEMI,2,Topic_2,硝酸甘油注射液,0.013153707
STEMI,2,Topic_2,肝酶五项,0.0131536955
STEMI,2,Topic_2,DSA(冠脉造影),0.013153677
STEMI,2,Topic_2,阿司匹林肠溶片,0.013153668
STEMI,2,Topic_2,达格列净片,0.013153481
STEMI,2,Topic_2,(免费)咽拭子新型冠状病毒RNA,0.013153443
STEMI,2,Topic_2,心内高压注射器,0.013153427
STEMI,2,Topic_2,ENA多肽抗体谱,0.013153422
STEMI,2,Topic_2,常规心电图(床边),0.013153412
STEMI,2,Topic_2,洛索洛芬钠片,0.013153402
STEMI,2,Topic_2,钾K+,0.013153396
STEMI,2,Topic_2,心梗四项,0.013153396
STEMI,2,Topic_2,培哚普利叔丁胺片,0.013153395
STEMI,2,Topic_2,三联三通板,0.013153387
STEMI,2,Topic_2,尿常规分析,0.013153373
STEMI,2,Topic_2,瑞舒伐他汀钙片,0.013153371
STEMI,2,Topic_2,高流量给氧,0.013153363
STEMI,2,Topic_2,血沉ESR,0.013153356
STEMI,2,Topic_2,风湿三项,0.013153353
STEMI,2,Topic_2,复方氯化钠注射液,0.013153353
STEMI,2,Topic_2,阿利沙坦酯片,0.0131533155
STEMI,2,Topic_2,美托洛尔缓释片,0.013153306
STEMI,2,Topic_2,多巴胺注射液,0.013153303
STEMI,2,Topic_2,Ⅱ级护理,0.013153296
STEMI,2,Topic_2,替格瑞洛片,0.01315325
STEMI,2,Topic_2,环柄注射器,0.013153158
STEMI,2,Topic_3,环柄注射器,0.1093313
STEMI,2,Topic_3,阿利沙坦酯片,0.10933088
STEMI,2,Topic_3,替格瑞洛片,0.1093307
STEMI,2,Topic_3,高流量给氧,0.109330654
STEMI,2,Topic_3,尿常规分析,0.10933046
STEMI,2,Topic_3,肌钙蛋白I,0.015796592
STEMI,2,Topic_3,NT-B型钠尿肽NT-BNP,0.015795218
STEMI,2,Topic_3,肾功五项,0.01562101
STEMI,2,Topic_3,肌钙蛋白T,0.015620923
STEMI,2,Topic_3,血常规五分类+hsCRP,0.015620843
STEMI,2,Topic_3,硝酸甘油注射液,0.015620819
STEMI,2,Topic_3,肝酶五项,0.015620789
STEMI,2,Topic_3,阿司匹林肠溶片,0.015620783
STEMI,2,Topic_3,沙库巴曲缬沙坦片,0.015620728
STEMI,2,Topic_3,电解质四项,0.015620625
STEMI,2,Topic_3,DSA(冠脉造影),0.015620621
STEMI,2,Topic_3,培哚普利叔丁胺片,0.015620491
STEMI,2,Topic_3,(免费)咽拭子新型冠状病毒RNA,0.01562049
STEMI,2,Topic_3,心梗四项,0.015620465
STEMI,2,Topic_3,常规心电图(床边),0.015620464
STEMI,2,Topic_3,心内高压注射器,0.01562046
STEMI,2,Topic_3,洛索洛芬钠片,0.015620439
STEMI,2,Topic_3,美托洛尔缓释片,0.015620437
STEMI,2,Topic_3,风湿三项,0.015620431
STEMI,2,Topic_3,钾K+,0.015620418
STEMI,2,Topic_3,复方氯化钠注射液,0.015620417
STEMI,2,Topic_3,葡萄糖注射液(5%),0.015620403
STEMI,2,Topic_3,达格列净片,0.015620372
STEMI,2,Topic_3,血沉ESR,0.015620361
STEMI,2,Topic_3,多巴胺注射液,0.015620325
STEMI,2,Topic_3,三联三通板,0.015620289
STEMI,2,Topic_3,Ⅱ级护理,0.015620263
STEMI,2,Topic_3,瑞舒伐他汀钙片,0.015620256
STEMI,2,Topic_3,ENA多肽抗体谱,0.015620253
STEMI,2,Topic_4,肌钙蛋白I,0.26252586
STEMI,2,Topic_4,NT-B型钠尿肽NT-BNP,0.16098121
STEMI,2,Topic_4,硝酸甘油注射液,0.11020916
STEMI,2,Topic_4,阿司匹林肠溶片,0.059341796
STEMI,2,Topic_4,DSA(冠脉造影),0.059341777
STEMI,2,Topic_4,肝酶五项,0.05934175
STEMI,2,Topic_4,血常规五分类+hsCRP,0.059341673
STEMI,2,Topic_4,肌钙蛋白T,0.008478872
STEMI,2,Topic_4,肾功五项,0.008478737
STEMI,2,Topic_4,沙库巴曲缬沙坦片,0.008478583
STEMI,2,Topic_4,电解质四项,0.008478582
STEMI,2,Topic_4,洛索洛芬钠片,0.008478407
STEMI,2,Topic_4,复方氯化钠注射液,0.0084783835
STEMI,2,Topic_4,血沉ESR,0.0084783835
STEMI,2,Topic_4,美托洛尔缓释片,0.008478378
STEMI,2,Topic_4,(免费)咽拭子新型冠状病毒RNA,0.008478378
STEMI,2,Topic_4,达格列净片,0.008478376
STEMI,2,Topic_4,高流量给氧,0.008478376
STEMI,2,Topic_4,培哚普利叔丁胺片,0.00847837
STEMI,2,Topic_4,风湿三项,0.008478368
STEMI,2,Topic_4,ENA多肽抗体谱,0.008478368
STEMI,2,Topic_4,替格瑞洛片,0.00847835
STEMI,2,Topic_4,瑞舒伐他汀钙片,0.008478345
STEMI,2,Topic_4,尿常规分析,0.008478345
STEMI,2,Topic_4,葡萄糖注射液(5%),0.008478342
STEMI,2,Topic_4,常规心电图(床边),0.008478339
STEMI,2,Topic_4,钾K+,0.008478338
STEMI,2,Topic_4,三联三通板,0.008478337
STEMI,2,Topic_4,多巴胺注射液,0.008478336
STEMI,2,Topic_4,Ⅱ级护理,0.008478335
STEMI,2,Topic_4,心内高压注射器,0.0084783295
STEMI,2,Topic_4,心梗四项,0.008478329
STEMI,2,Topic_4,阿利沙坦酯片,0.008478293
STEMI,2,Topic_4,环柄注射器,0.008478252
STEMI,2,Topic_5,电解质四项,0.18477295
STEMI,2,Topic_5,Ⅱ级护理,0.09980645
STEMI,2,Topic_5,瑞舒伐他汀钙片,0.099806175
STEMI,2,Topic_5,多巴胺注射液,0.09980617
STEMI,2,Topic_5,复方氯化钠注射液,0.09980603
STEMI,2,Topic_5,沙库巴曲缬沙坦片,0.016569912
STEMI,2,Topic_5,肌钙蛋白I,0.014420259
STEMI,2,Topic_5,NT-B型钠尿肽NT-BNP,0.014260433
STEMI,2,Topic_5,肌钙蛋白T,0.014260152
STEMI,2,Topic_5,硝酸甘油注射液,0.0142601365
STEMI,2,Topic_5,肾功五项,0.014260064
STEMI,2,Topic_5,DSA(冠脉造影),0.014259984
STEMI,2,Topic_5,阿司匹林肠溶片,0.014259916
STEMI,2,Topic_5,血常规五分类+hsCRP,0.014259876
STEMI,2,Topic_5,肝酶五项,0.014259817
STEMI,2,Topic_5,ENA多肽抗体谱,0.0142597305
STEMI,2,Topic_5,(免费)咽拭子新型冠状病毒RNA,0.01425966
STEMI,2,Topic_5,洛索洛芬钠片,0.014259648
STEMI,2,Topic_5,培哚普利叔丁胺片,0.014259635
STEMI,2,Topic_5,血沉ESR,0.014259624
STEMI,2,Topic_5,常规心电图(床边),0.014259623
STEMI,2,Topic_5,心梗四项,0.01425961
STEMI,2,Topic_5,葡萄糖注射液(5%),0.014259587
STEMI,2,Topic_5,尿常规分析,0.014259586
STEMI,2,Topic_5,达格列净片,0.014259582
STEMI,2,Topic_5,风湿三项,0.014259563
STEMI,2,Topic_5,美托洛尔缓释片,0.01425956
STEMI,2,Topic_5,心内高压注射器,0.014259542
STEMI,2,Topic_5,钾K+,0.014259542
STEMI,2,Topic_5,三联三通板,0.014259489
STEMI,2,Topic_5,高流量给氧,0.0142594455
STEMI,2,Topic_5,替格瑞洛片,0.014259442
STEMI,2,Topic_5,阿利沙坦酯片,0.014259427
STEMI,2,Topic_5,环柄注射器,0.014259418
STEMI,2,Topic_6,沙库巴曲缬沙坦片,0.16925123
STEMI,2,Topic_6,三联三通板,0.09228459
STEMI,2,Topic_6,钾K+,0.09228437
STEMI,2,Topic_6,达格列净片,0.09228422
STEMI,2,Topic_6,培哚普利叔丁胺片,0.092284195
STEMI,2,Topic_6,ENA多肽抗体谱,0.09228418
STEMI,2,Topic_6,肌钙蛋白T,0.013331379
STEMI,2,Topic_6,肌钙蛋白I,0.013185767
STEMI,2,Topic_6,NT-B型钠尿肽NT-BNP,0.013185707
STEMI,2,Topic_6,硝酸甘油注射液,0.013185413
STEMI,2,Topic_6,肾功五项,0.013185224
STEMI,2,Topic_6,DSA(冠脉造影),0.013185212
STEMI,2,Topic_6,阿司匹林肠溶片,0.013185171
STEMI,2,Topic_6,血常规五分类+hsCRP,0.013185157
STEMI,2,Topic_6,肝酶五项,0.013185154
STEMI,2,Topic_6,电解质四项,0.013185086
STEMI,2,Topic_6,(免费)咽拭子新型冠状病毒RNA,0.013185007
STEMI,2,Topic_6,洛索洛芬钠片,0.013185006
STEMI,2,Topic_6,美托洛尔缓释片,0.0131849935
STEMI,2,Topic_6,心内高压注射器,0.0131849935
STEMI,2,Topic_6,血沉ESR,0.013184972
STEMI,2,Topic_6,瑞舒伐他汀钙片,0.013184951
STEMI,2,Topic_6,常规心电图(床边),0.01318495
STEMI,2,Topic_6,多巴胺注射液,0.013184909
STEMI,2,Topic_6,风湿三项,0.013184906
STEMI,2,Topic_6,替格瑞洛片,0.013184897
STEMI,2,Topic_6,心梗四项,0.013184872
STEMI,2,Topic_6,复方氯化钠注射液,0.013184869
STEMI,2,Topic_6,Ⅱ级护理,0.013184809
STEMI,2,Topic_6,葡萄糖注射液(5%),0.013184806
STEMI,2,Topic_6,尿常规分析,0.013184795
STEMI,2,Topic_6,环柄注射器,0.013184771
STEMI,2,Topic_6,高流量给氧,0.013184736
STEMI,2,Topic_6,阿利沙坦酯片,0.0131847225
STEMI,3,Topic_1,肾功五项,0.35752648
STEMI,3,Topic_1,心肌酶三项,0.12626126
STEMI,3,Topic_1,DR胸部正位片(床旁),0.12626126
STEMI,3,Topic_1,电解质四项,0.010736457
STEMI,3,Topic_1,肌钙蛋白T,0.010736447
STEMI,3,Topic_1,常规心电图(床边),0.010736446
STEMI,3,Topic_1,肌钙蛋白I,0.010521822
STEMI,3,Topic_1,NT-B型钠尿肽NT-BNP,0.010521822
STEMI,3,Topic_1,依洛尤单抗注射液,0.010521817
STEMI,3,Topic_1,瑞舒伐他汀钙片,0.010521817
STEMI,3,Topic_1,Ⅱ级护理,0.010521817
STEMI,3,Topic_1,阿司匹林肠溶片,0.010521816
STEMI,3,Topic_1,替格瑞洛片,0.010521816
STEMI,3,Topic_1,美托洛尔缓释片,0.010521816
STEMI,3,Topic_1,血常规五分类,0.010521816
STEMI,3,Topic_1,达格列净片,0.010521815
STEMI,3,Topic_1,血管炎五项,0.010521814
STEMI,3,Topic_1,三级护理,0.010521813
STEMI,3,Topic_1,甲苯磺酸艾多沙班片,0.010521813
STEMI,3,Topic_1,螺内酯片,0.010521813
STEMI,3,Topic_1,风湿三项,0.010521813
STEMI,3,Topic_1,高流量给氧,0.010521813
STEMI,3,Topic_1,阿卡波糖咀嚼片,0.010521813
STEMI,3,Topic_1,心内科常规护理,0.010521813
STEMI,3,Topic_1,甲钴胺片,0.010521813
STEMI,3,Topic_1,依折麦布片,0.010521812
STEMI,3,Topic_1,维生素B1片,0.010521812
STEMI,3,Topic_1,缬沙坦氨氯地平片(I),0.010521812
STEMI,3,Topic_1,沙库巴曲缬沙坦片,0.010521812
STEMI,3,Topic_1,呋塞米片,0.010521812
STEMI,3,Topic_1,抗核抗体ANA,0.010521812
STEMI,3,Topic_1,呋塞米注射液,0.010521812
STEMI,3,Topic_1,阿利西尤单抗注射液,0.010521812
STEMI,3,Topic_1,阿卡波糖片,0.010521812
STEMI,3,Topic_1,Ⅲ级护理,0.010521812
STEMI,3,Topic_1,凝血四项+D-D,0.010521812
STEMI,3,Topic_1,氯化钾缓释片,0.010521812
STEMI,3,Topic_1,注射用环磷腺苷,0.010521811
STEMI,3,Topic_1,二甲双胍片,0.010521811
STEMI,3,Topic_1,泮托拉唑钠肠溶片,0.010521811
STEMI,3,Topic_2,Ⅲ级护理,0.16433738
STEMI,3,Topic_2,维生素B1片,0.16433735
STEMI,3,Topic_2,注射用环磷腺苷,0.16433735
STEMI,3,Topic_2,NT-B型钠尿肽NT-BNP,0.013974202
STEMI,3,Topic_2,肌钙蛋白I,0.013694837
STEMI,3,Topic_2,肾功五项,0.013694833
STEMI,3,Topic_2,瑞舒伐他汀钙片,0.013694829
STEMI,3,Topic_2,阿司匹林肠溶片,0.013694829
STEMI,3,Topic_2,美托洛尔缓释片,0.013694827
STEMI,3,Topic_2,依洛尤单抗注射液,0.013694827
STEMI,3,Topic_2,电解质四项,0.0136948265
STEMI,3,Topic_2,肌钙蛋白T,0.0136948265
STEMI,3,Topic_2,Ⅱ级护理,0.0136948265
STEMI,3,Topic_2,达格列净片,0.0136948265
STEMI,3,Topic_2,血常规五分类,0.013694826
STEMI,3,Topic_2,阿卡波糖咀嚼片,0.013694825
STEMI,3,Topic_2,常规心电图(床边),0.013694825
STEMI,3,Topic_2,替格瑞洛片,0.013694825
STEMI,3,Topic_2,螺内酯片,0.013694825
STEMI,3,Topic_2,心内科常规护理,0.013694824
STEMI,3,Topic_2,三级护理,0.013694824
STEMI,3,Topic_2,呋塞米片,0.013694824
STEMI,3,Topic_2,高流量给氧,0.013694824
STEMI,3,Topic_2,风湿三项,0.013694824
STEMI,3,Topic_2,凝血四项+D-D,0.013694824
STEMI,3,Topic_2,甲苯磺酸艾多沙班片,0.013694824
STEMI,3,Topic_2,氯化钾缓释片,0.013694824
STEMI,3,Topic_2,依折麦布片,0.013694822
STEMI,3,Topic_2,缬沙坦氨氯地平片(I),0.013694822
STEMI,3,Topic_2,二甲双胍片,0.013694822
STEMI,3,Topic_2,沙库巴曲缬沙坦片,0.013694822
STEMI,3,Topic_2,血管炎五项,0.013694822
STEMI,3,Topic_2,DR胸部正位片(床旁),0.013694822
STEMI,3,Topic_2,呋塞米注射液,0.013694822
STEMI,3,Topic_2,阿利西尤单抗注射液,0.013694822
STEMI,3,Topic_2,心肌酶三项,0.013694822
STEMI,3,Topic_2,阿卡波糖片,0.013694822
STEMI,3,Topic_2,抗核抗体ANA,0.013694822
STEMI,3,Topic_2,甲钴胺片,0.013694821
STEMI,3,Topic_2,泮托拉唑钠肠溶片,0.013694821
STEMI,3,Topic_3,血常规五分类,0.21698107
STEMI,3,Topic_3,电解质四项,0.21678863
STEMI,3,Topic_3,抗核抗体ANA,0.113207296
STEMI,3,Topic_3,泮托拉唑钠肠溶片,0.11320728
STEMI,3,Topic_3,肌钙蛋白I,0.009626433
STEMI,3,Topic_3,NT-B型钠尿肽NT-BNP,0.00943399
STEMI,3,Topic_3,瑞舒伐他汀钙片,0.009433985
STEMI,3,Topic_3,肌钙蛋白T,0.009433984
STEMI,3,Topic_3,美托洛尔缓释片,0.009433983
STEMI,3,Topic_3,依洛尤单抗注射液,0.009433983
STEMI,3,Topic_3,常规心电图(床边),0.009433983
STEMI,3,Topic_3,Ⅱ级护理,0.009433983
STEMI,3,Topic_3,达格列净片,0.009433982
STEMI,3,Topic_3,替格瑞洛片,0.009433982
STEMI,3,Topic_3,维生素B1片,0.009433981
STEMI,3,Topic_3,DR胸部正位片(床旁),0.009433981
STEMI,3,Topic_3,肾功五项,0.009433981
STEMI,3,Topic_3,阿司匹林肠溶片,0.009433981
STEMI,3,Topic_3,血管炎五项,0.00943398
STEMI,3,Topic_3,甲苯磺酸艾多沙班片,0.00943398
STEMI,3,Topic_3,螺内酯片,0.00943398
STEMI,3,Topic_3,缬沙坦氨氯地平片(I),0.00943398
STEMI,3,Topic_3,二甲双胍片,0.00943398
STEMI,3,Topic_3,阿卡波糖咀嚼片,0.00943398
STEMI,3,Topic_3,心肌酶三项,0.00943398
STEMI,3,Topic_3,风湿三项,0.00943398
STEMI,3,Topic_3,阿利西尤单抗注射液,0.00943398
STEMI,3,Topic_3,三级护理,0.009433979
STEMI,3,Topic_3,依折麦布片,0.009433979
STEMI,3,Topic_3,注射用环磷腺苷,0.009433979
STEMI,3,Topic_3,沙库巴曲缬沙坦片,0.009433979
STEMI,3,Topic_3,氯化钾缓释片,0.009433979
STEMI,3,Topic_3,呋塞米注射液,0.009433979
STEMI,3,Topic_3,高流量给氧,0.009433979
STEMI,3,Topic_3,阿卡波糖片,0.009433979
STEMI,3,Topic_3,凝血四项+D-D,0.009433979
STEMI,3,Topic_3,心内科常规护理,0.009433979
STEMI,3,Topic_3,呋塞米片,0.009433979
STEMI,3,Topic_3,Ⅲ级护理,0.009433978
STEMI,3,Topic_3,甲钴胺片,0.009433978
STEMI,3,Topic_4,常规心电图(床边),0.2418904
STEMI,3,Topic_4,阿司匹林肠溶片,0.2418904
STEMI,3,Topic_4,呋塞米注射液,0.12631547
STEMI,3,Topic_4,肌钙蛋白I,0.010741071
STEMI,3,Topic_4,美托洛尔缓释片,0.010741063
STEMI,3,Topic_4,NT-B型钠尿肽NT-BNP,0.010526341
STEMI,3,Topic_4,肾功五项,0.010526338
STEMI,3,Topic_4,瑞舒伐他汀钙片,0.010526336
STEMI,3,Topic_4,Ⅱ级护理,0.010526335
STEMI,3,Topic_4,肌钙蛋白T,0.010526334
STEMI,3,Topic_4,达格列净片,0.010526334
STEMI,3,Topic_4,电解质四项,0.010526333
STEMI,3,Topic_4,替格瑞洛片,0.010526332
STEMI,3,Topic_4,血常规五分类,0.010526332
STEMI,3,Topic_4,依洛尤单抗注射液,0.010526332
STEMI,3,Topic_4,DR胸部正位片(床旁),0.010526331
STEMI,3,Topic_4,心内科常规护理,0.010526331
STEMI,3,Topic_4,螺内酯片,0.010526331
STEMI,3,Topic_4,阿利西尤单抗注射液,0.010526331
STEMI,3,Topic_4,呋塞米片,0.010526331
STEMI,3,Topic_4,阿卡波糖咀嚼片,0.010526331
STEMI,3,Topic_4,二甲双胍片,0.010526331
STEMI,3,Topic_4,风湿三项,0.010526331
STEMI,3,Topic_4,注射用环磷腺苷,0.01052633
STEMI,3,Topic_4,氯化钾缓释片,0.01052633
STEMI,3,Topic_4,三级护理,0.01052633
STEMI,3,Topic_4,缬沙坦氨氯地平片(I),0.01052633
STEMI,3,Topic_4,依折麦布片,0.01052633
STEMI,3,Topic_4,高流量给氧,0.01052633
STEMI,3,Topic_4,血管炎五项,0.01052633
STEMI,3,Topic_4,甲苯磺酸艾多沙班片,0.01052633
STEMI,3,Topic_4,心肌酶三项,0.01052633
STEMI,3,Topic_4,阿卡波糖片,0.01052633
STEMI,3,Topic_4,Ⅲ级护理,0.01052633
STEMI,3,Topic_4,凝血四项+D-D,0.01052633
STEMI,3,Topic_4,抗核抗体ANA,0.01052633
STEMI,3,Topic_4,维生素B1片,0.01052633
STEMI,3,Topic_4,沙库巴曲缬沙坦片,0.010526329
STEMI,3,Topic_4,甲钴胺片,0.010526329
STEMI,3,Topic_4,泮托拉唑钠肠溶片,0.010526329
STEMI,3,Topic_5,NT-B型钠尿肽NT-BNP,0.38426685
STEMI,3,Topic_5,高流量给氧,0.10256381
STEMI,3,Topic_5,凝血四项+D-D,0.10256381
STEMI,3,Topic_5,风湿三项,0.10256381
STEMI,3,Topic_5,瑞舒伐他汀钙片,0.008721383
STEMI,3,Topic_5,阿司匹林肠溶片,0.008721378
STEMI,3,Topic_5,肌钙蛋白I,0.008547031
STEMI,3,Topic_5,肾功五项,0.008547029
STEMI,3,Topic_5,常规心电图(床边),0.008547028
STEMI,3,Topic_5,电解质四项,0.008547028
STEMI,3,Topic_5,血常规五分类,0.008547028
STEMI,3,Topic_5,达格列净片,0.008547027
STEMI,3,Topic_5,替格瑞洛片,0.008547027
STEMI,3,Topic_5,肌钙蛋白T,0.008547027
STEMI,3,Topic_5,依洛尤单抗注射液,0.008547027
STEMI,3,Topic_5,美托洛尔缓释片,0.008547027
STEMI,3,Topic_5,Ⅱ级护理,0.008547027
STEMI,3,Topic_5,阿卡波糖咀嚼片,0.008547026
STEMI,3,Topic_5,注射用环磷腺苷,0.008547025
STEMI,3,Topic_5,缬沙坦氨氯地平片(I),0.008547025
STEMI,3,Topic_5,二甲双胍片,0.008547025
STEMI,3,Topic_5,阿利西尤单抗注射液,0.008547025
STEMI,3,Topic_5,螺内酯片,0.008547025
STEMI,3,Topic_5,甲苯磺酸艾多沙班片,0.008547025
STEMI,3,Topic_5,三级护理,0.008547025
STEMI,3,Topic_5,沙库巴曲缬沙坦片,0.008547024
STEMI,3,Topic_5,甲钴胺片,0.008547024
STEMI,3,Topic_5,维生素B1片,0.008547024
STEMI,3,Topic_5,依折麦布片,0.008547024
STEMI,3,Topic_5,心内科常规护理,0.008547024
STEMI,3,Topic_5,呋塞米片,0.008547024
STEMI,3,Topic_5,抗核抗体ANA,0.008547024
STEMI,3,Topic_5,血管炎五项,0.008547024
STEMI,3,Topic_5,DR胸部正位片(床旁),0.008547024
STEMI,3,Topic_5,呋塞米注射液,0.008547024
STEMI,3,Topic_5,心肌酶三项,0.008547024
STEMI,3,Topic_5,阿卡波糖片,0.008547024
STEMI,3,Topic_5,Ⅲ级护理,0.008547024
STEMI,3,Topic_5,氯化钾缓释片,0.008547024
STEMI,3,Topic_5,泮托拉唑钠肠溶片,0.008547024
STEMI,3,Topic_6,肌钙蛋白I,0.478443
STEMI,3,Topic_6,美托洛尔缓释片,0.1965436
STEMI,3,Topic_6,NT-B型钠尿肽NT-BNP,0.008552991
STEMI,3,Topic_6,瑞舒伐他汀钙片,0.008552988
STEMI,3,Topic_6,肾功五项,0.008552986
STEMI,3,Topic_6,常规心电图(床边),0.008552985
STEMI,3,Topic_6,替格瑞洛片,0.008552985
STEMI,3,Topic_6,Ⅱ级护理,0.008552985
STEMI,3,Topic_6,电解质四项,0.008552985
STEMI,3,Topic_6,肌钙蛋白T,0.008552985
STEMI,3,Topic_6,血常规五分类,0.008552984
STEMI,3,Topic_6,依洛尤单抗注射液,0.008552984
STEMI,3,Topic_6,阿司匹林肠溶片,0.008552983
STEMI,3,Topic_6,缬沙坦氨氯地平片(I),0.0085529825
STEMI,3,Topic_6,DR胸部正位片(床旁),0.0085529825
STEMI,3,Topic_6,甲苯磺酸艾多沙班片,0.0085529825
STEMI,3,Topic_6,依折麦布片,0.0085529825
STEMI,3,Topic_6,阿利西尤单抗注射液,0.0085529825
STEMI,3,Topic_6,心内科常规护理,0.0085529825
STEMI,3,Topic_6,阿卡波糖咀嚼片,0.0085529825
STEMI,3,Topic_6,风湿三项,0.0085529825
STEMI,3,Topic_6,达格列净片,0.0085529825
STEMI,3,Topic_6,凝血四项+D-D,0.0085529825
STEMI,3,Topic_6,高流量给氧,0.0085529825
STEMI,3,Topic_6,二甲双胍片,0.008552982
STEMI,3,Topic_6,甲钴胺片,0.008552982
STEMI,3,Topic_6,维生素B1片,0.008552982
STEMI,3,Topic_6,三级护理,0.008552982
STEMI,3,Topic_6,注射用环磷腺苷,0.008552982
STEMI,3,Topic_6,沙库巴曲缬沙坦片,0.008552982
STEMI,3,Topic_6,呋塞米片,0.008552982
STEMI,3,Topic_6,抗核抗体ANA,0.008552982
STEMI,3,Topic_6,血管炎五项,0.008552982
STEMI,3,Topic_6,呋塞米注射液,0.008552982
STEMI,3,Topic_6,螺内酯片,0.008552982
STEMI,3,Topic_6,心肌酶三项,0.008552982
STEMI,3,Topic_6,阿卡波糖片,0.008552982
STEMI,3,Topic_6,氯化钾缓释片,0.008552982
STEMI,3,Topic_6,泮托拉唑钠肠溶片,0.008552982
STEMI,3,Topic_6,Ⅲ级护理,0.008552981
STEMI,3,Topic_7,瑞舒伐他汀钙片,0.2654333
STEMI,3,Topic_7,肌钙蛋白T,0.179614
STEMI,3,Topic_7,沙库巴曲缬沙坦片,0.09379461
STEMI,3,Topic_7,二甲双胍片,0.09379461
STEMI,3,Topic_7,甲苯磺酸艾多沙班片,0.09379459
STEMI,3,Topic_7,肌钙蛋白I,0.007816267
STEMI,3,Topic_7,NT-B型钠尿肽NT-BNP,0.007816262
STEMI,3,Topic_7,肾功五项,0.00781626
STEMI,3,Topic_7,美托洛尔缓释片,0.00781626
STEMI,3,Topic_7,血常规五分类,0.007816259
STEMI,3,Topic_7,电解质四项,0.007816259
STEMI,3,Topic_7,Ⅱ级护理,0.007816259
STEMI,3,Topic_7,常规心电图(床边),0.007816259
STEMI,3,Topic_7,阿司匹林肠溶片,0.007816258
STEMI,3,Topic_7,依洛尤单抗注射液,0.007816258
STEMI,3,Topic_7,阿卡波糖咀嚼片,0.007816257
STEMI,3,Topic_7,替格瑞洛片,0.007816257
STEMI,3,Topic_7,达格列净片,0.007816257
STEMI,3,Topic_7,氯化钾缓释片,0.007816256
STEMI,3,Topic_7,缬沙坦氨氯地平片(I),0.007816256
STEMI,3,Topic_7,三级护理,0.007816256
STEMI,3,Topic_7,注射用环磷腺苷,0.007816256
STEMI,3,Topic_7,甲钴胺片,0.007816256
STEMI,3,Topic_7,心内科常规护理,0.007816256
STEMI,3,Topic_7,维生素B1片,0.007816256
STEMI,3,Topic_7,依折麦布片,0.007816256
STEMI,3,Topic_7,风湿三项,0.007816256
STEMI,3,Topic_7,呋塞米片,0.007816256
STEMI,3,Topic_7,血管炎五项,0.007816256
STEMI,3,Topic_7,DR胸部正位片(床旁),0.007816256
STEMI,3,Topic_7,呋塞米注射液,0.007816256
STEMI,3,Topic_7,螺内酯片,0.007816256
STEMI,3,Topic_7,阿利西尤单抗注射液,0.007816256
STEMI,3,Topic_7,高流量给氧,0.007816256
STEMI,3,Topic_7,心肌酶三项,0.007816256
STEMI,3,Topic_7,Ⅲ级护理,0.007816256
STEMI,3,Topic_7,凝血四项+D-D,0.007816256
STEMI,3,Topic_7,泮托拉唑钠肠溶片,0.007816256
STEMI,3,Topic_7,阿卡波糖片,0.007816255
STEMI,3,Topic_7,抗核抗体ANA,0.007816255
STEMI,3,Topic_8,呋塞米片,0.1643833
STEMI,3,Topic_8,缬沙坦氨氯地平片(I),0.16438329
STEMI,3,Topic_8,阿卡波糖咀嚼片,0.16438329
STEMI,3,Topic_8,NT-B型钠尿肽NT-BNP,0.013698664
STEMI,3,Topic_8,肌钙蛋白I,0.013698661
STEMI,3,Topic_8,肾功五项,0.013698659
STEMI,3,Topic_8,瑞舒伐他汀钙片,0.013698658
STEMI,3,Topic_8,常规心电图(床边),0.013698657
STEMI,3,Topic_8,美托洛尔缓释片,0.013698655
STEMI,3,Topic_8,阿司匹林肠溶片,0.013698655
STEMI,3,Topic_8,依洛尤单抗注射液,0.013698655
STEMI,3,Topic_8,Ⅱ级护理,0.013698655
STEMI,3,Topic_8,电解质四项,0.013698654
STEMI,3,Topic_8,替格瑞洛片,0.013698654
STEMI,3,Topic_8,血常规五分类,0.013698654
STEMI,3,Topic_8,达格列净片,0.013698653
STEMI,3,Topic_8,肌钙蛋白T,0.013698653
STEMI,3,Topic_8,螺内酯片,0.013698652
STEMI,3,Topic_8,三级护理,0.013698652
STEMI,3,Topic_8,依折麦布片,0.013698651
STEMI,3,Topic_8,心肌酶三项,0.013698651
STEMI,3,Topic_8,阿利西尤单抗注射液,0.013698651
STEMI,3,Topic_8,维生素B1片,0.013698651
STEMI,3,Topic_8,呋塞米注射液,0.013698651
STEMI,3,Topic_8,注射用环磷腺苷,0.013698651
STEMI,3,Topic_8,心内科常规护理,0.013698651
STEMI,3,Topic_8,二甲双胍片,0.01369865
STEMI,3,Topic_8,氯化钾缓释片,0.01369865
STEMI,3,Topic_8,沙库巴曲缬沙坦片,0.01369865
STEMI,3,Topic_8,抗核抗体ANA,0.01369865
STEMI,3,Topic_8,血管炎五项,0.01369865
STEMI,3,Topic_8,甲苯磺酸艾多沙班片,0.01369865
STEMI,3,Topic_8,高流量给氧,0.01369865
STEMI,3,Topic_8,阿卡波糖片,0.01369865
STEMI,3,Topic_8,Ⅲ级护理,0.01369865
STEMI,3,Topic_8,凝血四项+D-D,0.01369865
STEMI,3,Topic_8,风湿三项,0.01369865
STEMI,3,Topic_8,泮托拉唑钠肠溶片,0.01369865
STEMI,3,Topic_8,DR胸部正位片(床旁),0.013698649
STEMI,3,Topic_8,甲钴胺片,0.013698649
STEMI,3,Topic_9,Ⅱ级护理,0.19651274
STEMI,3,Topic_9,甲钴胺片,0.10252817
STEMI,3,Topic_9,氯化钾缓释片,0.10252816
STEMI,3,Topic_9,螺内酯片,0.10252816
STEMI,3,Topic_9,阿利西尤单抗注射液,0.10252816
STEMI,3,Topic_9,心内科常规护理,0.10252816
STEMI,3,Topic_9,肌钙蛋白I,0.008718355
STEMI,3,Topic_9,达格列净片,0.008718347
STEMI,3,Topic_9,肾功五项,0.0085440595
STEMI,3,Topic_9,NT-B型钠尿肽NT-BNP,0.0085440595
STEMI,3,Topic_9,瑞舒伐他汀钙片,0.0085440595
STEMI,3,Topic_9,常规心电图(床边),0.008544057
STEMI,3,Topic_9,肌钙蛋白T,0.008544057
STEMI,3,Topic_9,美托洛尔缓释片,0.008544056
STEMI,3,Topic_9,阿司匹林肠溶片,0.008544055
STEMI,3,Topic_9,电解质四项,0.008544055
STEMI,3,Topic_9,依洛尤单抗注射液,0.008544055
STEMI,3,Topic_9,血常规五分类,0.008544055
STEMI,3,Topic_9,替格瑞洛片,0.008544055
STEMI,3,Topic_9,二甲双胍片,0.008544054
STEMI,3,Topic_9,Ⅲ级护理,0.008544054
STEMI,3,Topic_9,依折麦布片,0.008544054
STEMI,3,Topic_9,心肌酶三项,0.008544054
STEMI,3,Topic_9,抗核抗体ANA,0.008544054
STEMI,3,Topic_9,阿卡波糖咀嚼片,0.008544054
STEMI,3,Topic_9,维生素B1片,0.008544053
STEMI,3,Topic_9,缬沙坦氨氯地平片(I),0.008544053
STEMI,3,Topic_9,三级护理,0.008544053
STEMI,3,Topic_9,注射用环磷腺苷,0.008544053
STEMI,3,Topic_9,沙库巴曲缬沙坦片,0.008544053
STEMI,3,Topic_9,呋塞米片,0.008544053
STEMI,3,Topic_9,血管炎五项,0.008544053
STEMI,3,Topic_9,DR胸部正位片(床旁),0.008544053
STEMI,3,Topic_9,呋塞米注射液,0.008544053
STEMI,3,Topic_9,甲苯磺酸艾多沙班片,0.008544053
STEMI,3,Topic_9,高流量给氧,0.008544053
STEMI,3,Topic_9,阿卡波糖片,0.008544053
STEMI,3,Topic_9,凝血四项+D-D,0.008544053
STEMI,3,Topic_9,风湿三项,0.008544053
STEMI,3,Topic_9,泮托拉唑钠肠溶片,0.008544053
STEMI,3,Topic_10,替格瑞洛片,0.24205317
STEMI,3,Topic_10,达格列净片,0.24183849
STEMI,3,Topic_10,三级护理,0.12628837
STEMI,3,Topic_10,瑞舒伐他汀钙片,0.010738766
STEMI,3,Topic_10,肾功五项,0.010738753
STEMI,3,Topic_10,肌钙蛋白I,0.010524083
STEMI,3,Topic_10,NT-B型钠尿肽NT-BNP,0.010524081
STEMI,3,Topic_10,Ⅱ级护理,0.0105240755
STEMI,3,Topic_10,常规心电图(床边),0.0105240755
STEMI,3,Topic_10,肌钙蛋白T,0.010524075
STEMI,3,Topic_10,阿司匹林肠溶片,0.010524075
STEMI,3,Topic_10,依洛尤单抗注射液,0.010524075
STEMI,3,Topic_10,血常规五分类,0.010524074
STEMI,3,Topic_10,美托洛尔缓释片,0.010524074
STEMI,3,Topic_10,电解质四项,0.010524073
STEMI,3,Topic_10,DR胸部正位片(床旁),0.010524072
STEMI,3,Topic_10,沙库巴曲缬沙坦片,0.010524072
STEMI,3,Topic_10,缬沙坦氨氯地平片(I),0.010524072
STEMI,3,Topic_10,二甲双胍片,0.010524072
STEMI,3,Topic_10,风湿三项,0.010524072
STEMI,3,Topic_10,甲苯磺酸艾多沙班片,0.010524072
STEMI,3,Topic_10,泮托拉唑钠肠溶片,0.010524072
STEMI,3,Topic_10,阿利西尤单抗注射液,0.010524072
STEMI,3,Topic_10,阿卡波糖咀嚼片,0.010524072
STEMI,3,Topic_10,凝血四项+D-D,0.010524072
STEMI,3,Topic_10,Ⅲ级护理,0.010524072
STEMI,3,Topic_10,维生素B1片,0.010524071
STEMI,3,Topic_10,甲钴胺片,0.010524071
STEMI,3,Topic_10,依折麦布片,0.010524071
STEMI,3,Topic_10,阿卡波糖片,0.010524071
STEMI,3,Topic_10,注射用环磷腺苷,0.010524071
STEMI,3,Topic_10,心内科常规护理,0.010524071
STEMI,3,Topic_10,氯化钾缓释片,0.010524071
STEMI,3,Topic_10,血管炎五项,0.010524071
STEMI,3,Topic_10,高流量给氧,0.010524071
STEMI,3,Topic_10,呋塞米注射液,0.010524071
STEMI,3,Topic_10,螺内酯片,0.010524071
STEMI,3,Topic_10,呋塞米片,0.010524071
STEMI,3,Topic_10,心肌酶三项,0.01052407
STEMI,3,Topic_10,抗核抗体ANA,0.01052407
STEMI,3,Topic_11,依洛尤单抗注射液,0.24205327
STEMI,3,Topic_11,依折麦布片,0.12628841
STEMI,3,Topic_11,血管炎五项,0.12628841
STEMI,3,Topic_11,阿卡波糖片,0.12628841
STEMI,3,Topic_11,NT-B型钠尿肽NT-BNP,0.010738764
STEMI,3,Topic_11,肌钙蛋白I,0.010524086
STEMI,3,Topic_11,肾功五项,0.010524084
STEMI,3,Topic_11,瑞舒伐他汀钙片,0.01052408
STEMI,3,Topic_11,肌钙蛋白T,0.01052408
STEMI,3,Topic_11,Ⅱ级护理,0.01052408
STEMI,3,Topic_11,常规心电图(床边),0.01052408
STEMI,3,Topic_11,电解质四项,0.010524079
STEMI,3,Topic_11,达格列净片,0.010524079
STEMI,3,Topic_11,美托洛尔缓释片,0.010524078
STEMI,3,Topic_11,螺内酯片,0.010524078
STEMI,3,Topic_11,阿司匹林肠溶片,0.010524078
STEMI,3,Topic_11,血常规五分类,0.010524078
STEMI,3,Topic_11,替格瑞洛片,0.010524078
STEMI,3,Topic_11,甲苯磺酸艾多沙班片,0.010524076
STEMI,3,Topic_11,三级护理,0.010524076
STEMI,3,Topic_11,沙库巴曲缬沙坦片,0.010524076
STEMI,3,Topic_11,心内科常规护理,0.010524076
STEMI,3,Topic_11,阿卡波糖咀嚼片,0.010524076
STEMI,3,Topic_11,氯化钾缓释片,0.010524076
STEMI,3,Topic_11,凝血四项+D-D,0.010524076
STEMI,3,Topic_11,阿利西尤单抗注射液,0.010524076
STEMI,3,Topic_11,二甲双胍片,0.0105240755
STEMI,3,Topic_11,缬沙坦氨氯地平片(I),0.0105240755
STEMI,3,Topic_11,维生素B1片,0.0105240755
STEMI,3,Topic_11,注射用环磷腺苷,0.0105240755
STEMI,3,Topic_11,甲钴胺片,0.0105240755
STEMI,3,Topic_11,呋塞米片,0.0105240755
STEMI,3,Topic_11,抗核抗体ANA,0.0105240755
STEMI,3,Topic_11,DR胸部正位片(床旁),0.0105240755
STEMI,3,Topic_11,呋塞米注射液,0.0105240755
STEMI,3,Topic_11,高流量给氧,0.0105240755
STEMI,3,Topic_11,心肌酶三项,0.0105240755
STEMI,3,Topic_11,Ⅲ级护理,0.0105240755
STEMI,3,Topic_11,泮托拉唑钠肠溶片,0.0105240755
STEMI,3,Topic_11,风湿三项,0.010524075
STEMI,4,Topic_1,NT-B型钠尿肽NT-BNP,0.31871152
STEMI,4,Topic_1,泮托拉唑钠肠溶片,0.11596286
STEMI,4,Topic_1,阿利西尤单抗注射液,0.115962766
STEMI,4,Topic_1,莫西沙星片,0.115962744
STEMI,4,Topic_1,碳酸氢钠片,0.115962744
STEMI,4,Topic_1,肌钙蛋白I,0.014496126
STEMI,4,Topic_1,肾功五项,0.014495828
STEMI,4,Topic_1,尿毒清颗粒,0.014495821
STEMI,4,Topic_1,肌钙蛋白T,0.014495819
STEMI,4,Topic_1,注射用重组人脑利钠肽,0.014495816
STEMI,4,Topic_1,电解质四项,0.014495813
STEMI,4,Topic_1,苯溴马隆片,0.014495809
STEMI,4,Topic_1,氯化钾缓释片,0.014495798
STEMI,4,Topic_1,Ⅱ级护理,0.0144957965
STEMI,4,Topic_1,血常规五分类,0.0144957965
STEMI,4,Topic_1,常规心电图(床边),0.014495794
STEMI,4,Topic_1,替格瑞洛片,0.014495792
STEMI,4,Topic_1,氯化钾注射液15%1.5g,0.014495784
STEMI,4,Topic_1,凝血四项+D-D,0.014495771
STEMI,4,Topic_1,DR胸部正位片(床旁),0.0144957695
STEMI,4,Topic_2,氯化钾注射液15%1.5g,0.23529
STEMI,4,Topic_2,常规心电图(床边),0.23528986
STEMI,4,Topic_2,NT-B型钠尿肽NT-BNP,0.029412834
STEMI,4,Topic_2,肌钙蛋白I,0.029412586
STEMI,4,Topic_2,阿利西尤单抗注射液,0.029412316
STEMI,4,Topic_2,莫西沙星片,0.029412312
STEMI,4,Topic_2,Ⅱ级护理,0.029412264
STEMI,4,Topic_2,泮托拉唑钠肠溶片,0.029412255
STEMI,4,Topic_2,碳酸氢钠片,0.02941225
STEMI,4,Topic_2,肾功五项,0.029412203
STEMI,4,Topic_2,苯溴马隆片,0.029412193
STEMI,4,Topic_2,电解质四项,0.029412178
STEMI,4,Topic_2,DR胸部正位片(床旁),0.029412154
STEMI,4,Topic_2,肌钙蛋白T,0.029412119
STEMI,4,Topic_2,替格瑞洛片,0.029412113
STEMI,4,Topic_2,血常规五分类,0.029412113
STEMI,4,Topic_2,注射用重组人脑利钠肽,0.029412104
STEMI,4,Topic_2,氯化钾缓释片,0.029412074
STEMI,4,Topic_2,凝血四项+D-D,0.029412052
STEMI,4,Topic_2,尿毒清颗粒,0.029412037
STEMI,4,Topic_3,肌钙蛋白I,0.4581829
STEMI,4,Topic_3,肾功五项,0.16670923
STEMI,4,Topic_3,NT-B型钠尿肽NT-BNP,0.020839663
STEMI,4,Topic_3,莫西沙星片,0.020839412
STEMI,4,Topic_3,阿利西尤单抗注射液,0.020839397
STEMI,4,Topic_3,苯溴马隆片,0.020839343
STEMI,4,Topic_3,肌钙蛋白T,0.020839337
STEMI,4,Topic_3,血常规五分类,0.020839337
STEMI,4,Topic_3,碳酸氢钠片,0.020839324
STEMI,4,Topic_3,氯化钾缓释片,0.020839324
STEMI,4,Topic_3,Ⅱ级护理,0.020839322
STEMI,4,Topic_3,泮托拉唑钠肠溶片,0.020839319
STEMI,4,Topic_3,替格瑞洛片,0.020839289
STEMI,4,Topic_3,尿毒清颗粒,0.02083928
STEMI,4,Topic_3,电解质四项,0.020839276
STEMI,4,Topic_3,注射用重组人脑利钠肽,0.020839255
STEMI,4,Topic_3,常规心电图(床边),0.02083925
STEMI,4,Topic_3,DR胸部正位片(床旁),0.020839242
STEMI,4,Topic_3,氯化钾注射液15%1.5g,0.02083924
STEMI,4,Topic_3,凝血四项+D-D,0.020839231
STEMI,4,Topic_4,凝血四项+D-D,0.23529005
STEMI,4,Topic_4,氯化钾缓释片,0.2352899
STEMI,4,Topic_4,NT-B型钠尿肽NT-BNP,0.029412957
STEMI,4,Topic_4,肌钙蛋白I,0.029412683
STEMI,4,Topic_4,莫西沙星片,0.0294123
STEMI,4,Topic_4,泮托拉唑钠肠溶片,0.029412257
STEMI,4,Topic_4,碳酸氢钠片,0.029412251
STEMI,4,Topic_4,电解质四项,0.029412251
STEMI,4,Topic_4,阿利西尤单抗注射液,0.02941222
STEMI,4,Topic_4,肾功五项,0.029412204
STEMI,4,Topic_4,Ⅱ级护理,0.02941218
STEMI,4,Topic_4,苯溴马隆片,0.029412124
STEMI,4,Topic_4,肌钙蛋白T,0.029412119
STEMI,4,Topic_4,血常规五分类,0.029412113
STEMI,4,Topic_4,DR胸部正位片(床旁),0.029412104
STEMI,4,Topic_4,常规心电图(床边),0.029412095
STEMI,4,Topic_4,替格瑞洛片,0.029412076
STEMI,4,Topic_4,尿毒清颗粒,0.02941207
STEMI,4,Topic_4,氯化钾注射液15%1.5g,0.029412033
STEMI,4,Topic_4,注射用重组人脑利钠肽,0.029412024
STEMI,4,Topic_5,尿毒清颗粒,0.166665
STEMI,4,Topic_5,替格瑞洛片,0.166665
STEMI,4,Topic_5,DR胸部正位片(床旁),0.16666497
STEMI,4,Topic_5,Ⅱ级护理,0.16666466
STEMI,4,Topic_5,NT-B型钠尿肽NT-BNP,0.020834222
STEMI,4,Topic_5,肌钙蛋白I,0.020834137
STEMI,4,Topic_5,碳酸氢钠片,0.02083381
STEMI,4,Topic_5,泮托拉唑钠肠溶片,0.020833768
STEMI,4,Topic_5,阿利西尤单抗注射液,0.020833757
STEMI,4,Topic_5,莫西沙星片,0.020833746
STEMI,4,Topic_5,氯化钾注射液15%1.5g,0.020833716
STEMI,4,Topic_5,氯化钾缓释片,0.020833714
STEMI,4,Topic_5,血常规五分类,0.020833712
STEMI,4,Topic_5,电解质四项,0.020833703
STEMI,4,Topic_5,肾功五项,0.020833699
STEMI,4,Topic_5,肌钙蛋白T,0.020833697
STEMI,4,Topic_5,常规心电图(床边),0.020833692
STEMI,4,Topic_5,苯溴马隆片,0.020833684
STEMI,4,Topic_5,凝血四项+D-D,0.02083368
STEMI,4,Topic_5,注射用重组人脑利钠肽,0.020833662
STEMI,4,Topic_6,注射用重组人脑利钠肽,0.29614666
STEMI,4,Topic_6,NT-B型钠尿肽NT-BNP,0.037501153
STEMI,4,Topic_6,肌钙蛋白I,0.037020285
STEMI,4,Topic_6,碳酸氢钠片,0.037019756
STEMI,4,Topic_6,阿利西尤单抗注射液,0.037019752
STEMI,4,Topic_6,莫西沙星片,0.037019692
STEMI,4,Topic_6,泮托拉唑钠肠溶片,0.037019685
STEMI,4,Topic_6,DR胸部正位片(床旁),0.037019547
STEMI,4,Topic_6,肾功五项,0.03701952
STEMI,4,Topic_6,电解质四项,0.03701952
STEMI,4,Topic_6,血常规五分类,0.037019514
STEMI,4,Topic_6,常规心电图(床边),0.037019495
STEMI,4,Topic_6,苯溴马隆片,0.037019487
STEMI,4,Topic_6,尿毒清颗粒,0.037019487
STEMI,4,Topic_6,Ⅱ级护理,0.037019465
STEMI,4,Topic_6,肌钙蛋白T,0.03701946
STEMI,4,Topic_6,替格瑞洛片,0.03701945
STEMI,4,Topic_6,氯化钾注射液15%1.5g,0.037019428
STEMI,4,Topic_6,凝血四项+D-D,0.03701939
STEMI,4,Topic_6,氯化钾缓释片,0.03701931
STEMI,4,Topic_7,血常规五分类,0.16661997
STEMI,4,Topic_7,肌钙蛋白T,0.16661997
STEMI,4,Topic_7,苯溴马隆片,0.16661993
STEMI,4,Topic_7,电解质四项,0.16661987
STEMI,4,Topic_7,肌钙蛋白I,0.021098126
STEMI,4,Topic_7,NT-B型钠尿肽NT-BNP,0.020828618
STEMI,4,Topic_7,碳酸氢钠片,0.02082821
STEMI,4,Topic_7,Ⅱ级护理,0.020828176
STEMI,4,Topic_7,莫西沙星片,0.020828158
STEMI,4,Topic_7,阿利西尤单抗注射液,0.020828156
STEMI,4,Topic_7,肾功五项,0.020828146
STEMI,4,Topic_7,泮托拉唑钠肠溶片,0.020828137
STEMI,4,Topic_7,常规心电图(床边),0.02082813
STEMI,4,Topic_7,氯化钾注射液15%1.5g,0.020828106
STEMI,4,Topic_7,凝血四项+D-D,0.020828081
STEMI,4,Topic_7,DR胸部正位片(床旁),0.02082808
STEMI,4,Topic_7,尿毒清颗粒,0.020828076
STEMI,4,Topic_7,替格瑞洛片,0.020828072
STEMI,4,Topic_7,氯化钾缓释片,0.020828051
STEMI,4,Topic_7,注射用重组人脑利钠肽,0.02082805
STEMI,5,Topic_1,Ⅱ级护理,0.24595106
STEMI,5,Topic_1,阿司匹林肠溶片,0.24573882
STEMI,5,Topic_1,常规心电图(床边),0.13117364
STEMI,5,Topic_1,肌钙蛋白I,0.01639753
STEMI,5,Topic_1,NT-B型钠尿肽NT-BNP,0.016397446
STEMI,5,Topic_1,泮托拉唑钠肠溶片,0.016397342
STEMI,5,Topic_1,瑞舒伐他汀钙片,0.016397336
STEMI,5,Topic_1,曲美布汀片,0.016397333
STEMI,5,Topic_1,替格瑞洛片,0.016397318
STEMI,5,Topic_1,肌钙蛋白T,0.016397279
STEMI,5,Topic_1,美托洛尔缓释片,0.016397255
STEMI,5,Topic_1,硝酸甘油片,0.016397236
STEMI,5,Topic_1,血脂四项,0.016397215
STEMI,5,Topic_1,尿素氮BUN,0.016397215
STEMI,5,Topic_1,卡维地洛片,0.016397202
STEMI,5,Topic_1,电解质四项,0.016397199
STEMI,5,Topic_1,肝功六项,0.016397195
STEMI,5,Topic_1,阿利西尤单抗注射液,0.016397176
STEMI,5,Topic_1,心脏彩超：三维心脏彩超及心功能测定,0.016397174
STEMI,5,Topic_1,硝酸异山梨酯注射液,0.016397169
STEMI,5,Topic_1,肌酐Cr,0.016397169
STEMI,5,Topic_1,Ⅲ级护理,0.01639716
STEMI,5,Topic_1,心肌酶三项,0.016397156
STEMI,5,Topic_1,三级护理,0.016397152
STEMI,5,Topic_1,阿利沙坦酯片,0.01639715
STEMI,5,Topic_1,沙库巴曲缬沙坦片,0.016397119
STEMI,5,Topic_2,瑞舒伐他汀钙片,0.31914374
STEMI,5,Topic_2,心肌酶三项,0.17020942
STEMI,5,Topic_2,肌钙蛋白I,0.021277428
STEMI,5,Topic_2,NT-B型钠尿肽NT-BNP,0.021277258
STEMI,5,Topic_2,阿司匹林肠溶片,0.021277068
STEMI,5,Topic_2,泮托拉唑钠肠溶片,0.021277057
STEMI,5,Topic_2,美托洛尔缓释片,0.021277053
STEMI,5,Topic_2,Ⅱ级护理,0.021277037
STEMI,5,Topic_2,替格瑞洛片,0.02127699
STEMI,5,Topic_2,肌钙蛋白T,0.02127698
STEMI,5,Topic_2,阿利西尤单抗注射液,0.021276934
STEMI,5,Topic_2,卡维地洛片,0.02127693
STEMI,5,Topic_2,曲美布汀片,0.021276923
STEMI,5,Topic_2,血脂四项,0.021276912
STEMI,5,Topic_2,肝功六项,0.021276899
STEMI,5,Topic_2,三级护理,0.021276884
STEMI,5,Topic_2,肌酐Cr,0.021276882
STEMI,5,Topic_2,阿利沙坦酯片,0.021276882
STEMI,5,Topic_2,电解质四项,0.021276878
STEMI,5,Topic_2,硝酸异山梨酯注射液,0.021276874
STEMI,5,Topic_2,尿素氮BUN,0.021276874
STEMI,5,Topic_2,沙库巴曲缬沙坦片,0.021276865
STEMI,5,Topic_2,硝酸甘油片,0.021276865
STEMI,5,Topic_2,心脏彩超：三维心脏彩超及心功能测定,0.021276854
STEMI,5,Topic_2,Ⅲ级护理,0.02127682
STEMI,5,Topic_2,常规心电图(床边),0.02127677
STEMI,5,Topic_3,肌钙蛋白T,0.2205868
STEMI,5,Topic_3,肝功六项,0.117645696
STEMI,5,Topic_3,电解质四项,0.11764558
STEMI,5,Topic_3,阿利西尤单抗注射液,0.11764556
STEMI,5,Topic_3,硝酸甘油片,0.11764549
STEMI,5,Topic_3,肌钙蛋白I,0.014706453
STEMI,5,Topic_3,NT-B型钠尿肽NT-BNP,0.014706419
STEMI,5,Topic_3,泮托拉唑钠肠溶片,0.014706369
STEMI,5,Topic_3,阿司匹林肠溶片,0.014706321
STEMI,5,Topic_3,瑞舒伐他汀钙片,0.014706307
STEMI,5,Topic_3,替格瑞洛片,0.014706286
STEMI,5,Topic_3,美托洛尔缓释片,0.014706252
STEMI,5,Topic_3,曲美布汀片,0.014706249
STEMI,5,Topic_3,Ⅱ级护理,0.014706245
STEMI,5,Topic_3,肌酐Cr,0.014706203
STEMI,5,Topic_3,沙库巴曲缬沙坦片,0.0147061935
STEMI,5,Topic_3,卡维地洛片,0.014706184
STEMI,5,Topic_3,尿素氮BUN,0.0147061795
STEMI,5,Topic_3,血脂四项,0.014706177
STEMI,5,Topic_3,三级护理,0.01470616
STEMI,5,Topic_3,心脏彩超：三维心脏彩超及心功能测定,0.014706157
STEMI,5,Topic_3,硝酸异山梨酯注射液,0.014706151
STEMI,5,Topic_3,Ⅲ级护理,0.014706143
STEMI,5,Topic_3,心肌酶三项,0.01470614
STEMI,5,Topic_3,阿利沙坦酯片,0.014706129
STEMI,5,Topic_3,常规心电图(床边),0.014706127
STEMI,5,Topic_4,美托洛尔缓释片,0.24584699
STEMI,5,Topic_4,Ⅲ级护理,0.13111809
STEMI,5,Topic_4,阿利沙坦酯片,0.13111797
STEMI,5,Topic_4,三级护理,0.13111785
STEMI,5,Topic_4,替格瑞洛片,0.01660277
STEMI,5,Topic_4,肌钙蛋白I,0.016390573
STEMI,5,Topic_4,NT-B型钠尿肽NT-BNP,0.01639043
STEMI,5,Topic_4,泮托拉唑钠肠溶片,0.01639038
STEMI,5,Topic_4,Ⅱ级护理,0.016390374
STEMI,5,Topic_4,阿司匹林肠溶片,0.01639036
STEMI,5,Topic_4,曲美布汀片,0.01639031
STEMI,5,Topic_4,肌钙蛋白T,0.016390301
STEMI,5,Topic_4,瑞舒伐他汀钙片,0.016390292
STEMI,5,Topic_4,尿素氮BUN,0.016390275
STEMI,5,Topic_4,硝酸甘油片,0.016390268
STEMI,5,Topic_4,肌酐Cr,0.016390264
STEMI,5,Topic_4,电解质四项,0.01639026
STEMI,5,Topic_4,心肌酶三项,0.016390258
STEMI,5,Topic_4,卡维地洛片,0.016390258
STEMI,5,Topic_4,沙库巴曲缬沙坦片,0.016390255
STEMI,5,Topic_4,阿利西尤单抗注射液,0.016390255
STEMI,5,Topic_4,血脂四项,0.016390253
STEMI,5,Topic_4,心脏彩超：三维心脏彩超及心功能测定,0.016390244
STEMI,5,Topic_4,肝功六项,0.016390234
STEMI,5,Topic_4,硝酸异山梨酯注射液,0.016390221
STEMI,5,Topic_4,常规心电图(床边),0.01639021
STEMI,5,Topic_5,NT-B型钠尿肽NT-BNP,0.46807733
STEMI,5,Topic_5,肌钙蛋白I,0.021277353
STEMI,5,Topic_5,泮托拉唑钠肠溶片,0.021277072
STEMI,5,Topic_5,Ⅱ级护理,0.02127704
STEMI,5,Topic_5,替格瑞洛片,0.021277027
STEMI,5,Topic_5,美托洛尔缓释片,0.021277016
STEMI,5,Topic_5,阿司匹林肠溶片,0.021276992
STEMI,5,Topic_5,肌钙蛋白T,0.021276984
STEMI,5,Topic_5,瑞舒伐他汀钙片,0.021276977
STEMI,5,Topic_5,曲美布汀片,0.021276943
STEMI,5,Topic_5,硝酸甘油片,0.021276921
STEMI,5,Topic_5,尿素氮BUN,0.021276884
STEMI,5,Topic_5,血脂四项,0.021276876
STEMI,5,Topic_5,卡维地洛片,0.021276873
STEMI,5,Topic_5,阿利西尤单抗注射液,0.02127687
STEMI,5,Topic_5,电解质四项,0.021276852
STEMI,5,Topic_5,硝酸异山梨酯注射液,0.021276852
STEMI,5,Topic_5,沙库巴曲缬沙坦片,0.021276848
STEMI,5,Topic_5,心肌酶三项,0.02127684
STEMI,5,Topic_5,心脏彩超：三维心脏彩超及心功能测定,0.021276813
STEMI,5,Topic_5,三级护理,0.021276807
STEMI,5,Topic_5,肝功六项,0.021276802
STEMI,5,Topic_5,肌酐Cr,0.02127679
STEMI,5,Topic_5,阿利沙坦酯片,0.021276768
STEMI,5,Topic_5,常规心电图(床边),0.021276748
STEMI,5,Topic_5,Ⅲ级护理,0.021276722
STEMI,5,Topic_6,肌钙蛋白I,0.24715415
STEMI,5,Topic_6,泮托拉唑钠肠溶片,0.16851403
STEMI,5,Topic_6,硝酸异山梨酯注射液,0.08987382
STEMI,5,Topic_6,尿素氮BUN,0.08987368
STEMI,5,Topic_6,血脂四项,0.089873664
STEMI,5,Topic_6,曲美布汀片,0.089873426
STEMI,5,Topic_6,阿司匹林肠溶片,0.011379959
STEMI,5,Topic_6,瑞舒伐他汀钙片,0.011234698
STEMI,5,Topic_6,NT-B型钠尿肽NT-BNP,0.011234691
STEMI,5,Topic_6,美托洛尔缓释片,0.01123465
STEMI,5,Topic_6,肌钙蛋白T,0.011234631
STEMI,5,Topic_6,替格瑞洛片,0.011234621
STEMI,5,Topic_6,Ⅱ级护理,0.011234614
STEMI,5,Topic_6,卡维地洛片,0.011234604
STEMI,5,Topic_6,硝酸甘油片,0.011234587
STEMI,5,Topic_6,阿利西尤单抗注射液,0.0112345815
STEMI,5,Topic_6,电解质四项,0.011234578
STEMI,5,Topic_6,沙库巴曲缬沙坦片,0.011234571
STEMI,5,Topic_6,肌酐Cr,0.011234571
STEMI,5,Topic_6,肝功六项,0.01123457
STEMI,5,Topic_6,心脏彩超：三维心脏彩超及心功能测定,0.011234568
STEMI,5,Topic_6,三级护理,0.011234562
STEMI,5,Topic_6,心肌酶三项,0.011234551
STEMI,5,Topic_6,常规心电图(床边),0.011234546
STEMI,5,Topic_6,Ⅲ级护理,0.011234535
STEMI,5,Topic_6,阿利沙坦酯片,0.011234531
STEMI,5,Topic_7,替格瑞洛片,0.22043811
STEMI,5,Topic_7,心脏彩超：三维心脏彩超及心功能测定,0.117668144
STEMI,5,Topic_7,沙库巴曲缬沙坦片,0.11766813
STEMI,5,Topic_7,肌酐Cr,0.11766809
STEMI,5,Topic_7,卡维地洛片,0.11766796
STEMI,5,Topic_7,肌钙蛋白I,0.014709241
STEMI,5,Topic_7,泮托拉唑钠肠溶片,0.014709121
STEMI,5,Topic_7,阿司匹林肠溶片,0.014709121
STEMI,5,Topic_7,NT-B型钠尿肽NT-BNP,0.014709106
STEMI,5,Topic_7,Ⅱ级护理,0.014709081
STEMI,5,Topic_7,美托洛尔缓释片,0.014709063
STEMI,5,Topic_7,瑞舒伐他汀钙片,0.014709061
STEMI,5,Topic_7,曲美布汀片,0.014709059
STEMI,5,Topic_7,肌钙蛋白T,0.014709045
STEMI,5,Topic_7,血脂四项,0.01470903
STEMI,5,Topic_7,尿素氮BUN,0.014709006
STEMI,5,Topic_7,电解质四项,0.014709004
STEMI,5,Topic_7,硝酸甘油片,0.014709
STEMI,5,Topic_7,阿利西尤单抗注射液,0.014708993
STEMI,5,Topic_7,三级护理,0.014708986
STEMI,5,Topic_7,心肌酶三项,0.014708976
STEMI,5,Topic_7,阿利沙坦酯片,0.014708972
STEMI,5,Topic_7,硝酸异山梨酯注射液,0.014708955
STEMI,5,Topic_7,肝功六项,0.014708947
STEMI,5,Topic_7,Ⅲ级护理,0.014708923
STEMI,5,Topic_7,常规心电图(床边),0.014708907
STEMI,6,Topic_1,二级护理,0.22054459
STEMI,6,Topic_1,瑞舒伐他汀钙片,0.11762338
STEMI,6,Topic_1,碳酸氢钠片,0.117623344
STEMI,6,Topic_1,呋塞米片,0.117623344
STEMI,6,Topic_1,ECT静息门控心肌灌注显象,0.11762331
STEMI,6,Topic_1,培哚普利叔丁胺片,0.014893762
STEMI,6,Topic_1,替格瑞洛片,0.014703618
STEMI,6,Topic_1,美托洛尔缓释片,0.014703556
STEMI,6,Topic_1,阿托伐他汀钙片,0.014703522
STEMI,6,Topic_1,阿司匹林肠溶片,0.014703507
STEMI,6,Topic_1,三级护理,0.014703499
STEMI,6,Topic_1,艾司奥美拉唑镁肠溶片,0.014703435
STEMI,6,Topic_1,卡维地洛片,0.014703424
STEMI,6,Topic_1,沙库巴曲缬沙坦片,0.014703398
STEMI,6,Topic_1,尿毒清颗粒,0.01470339
STEMI,6,Topic_1,曲美布汀片,0.014703376
STEMI,6,Topic_1,螺内酯片,0.014703374
STEMI,6,Topic_1,苯溴马隆片,0.014703367
STEMI,6,Topic_1,Ⅰ级护理,0.014703367
STEMI,6,Topic_1,单硝酸异山梨酯缓释片,0.014703355
STEMI,6,Topic_1,阿普唑仑片,0.014703347
STEMI,6,Topic_1,Ⅱ级护理,0.01470334
STEMI,6,Topic_1,莫西沙星片,0.014703338
STEMI,6,Topic_1,硝酸甘油片,0.014703335
STEMI,6,Topic_1,Ⅲ级护理,0.014703333
STEMI,6,Topic_1,血管彩超：颈、椎动脉+锁骨下动脉,0.014703327
STEMI,6,Topic_2,替格瑞洛片,0.36051658
STEMI,6,Topic_2,硝酸甘油片,0.13117361
STEMI,6,Topic_2,Ⅱ级护理,0.13117337
STEMI,6,Topic_2,艾司奥美拉唑镁肠溶片,0.016397389
STEMI,6,Topic_2,阿司匹林肠溶片,0.016397389
STEMI,6,Topic_2,美托洛尔缓释片,0.01639735
STEMI,6,Topic_2,阿托伐他汀钙片,0.016397342
STEMI,6,Topic_2,三级护理,0.016397342
STEMI,6,Topic_2,培哚普利叔丁胺片,0.016397316
STEMI,6,Topic_2,二级护理,0.016397316
STEMI,6,Topic_2,曲美布汀片,0.016397262
STEMI,6,Topic_2,卡维地洛片,0.01639723
STEMI,6,Topic_2,尿毒清颗粒,0.016397217
STEMI,6,Topic_2,苯溴马隆片,0.016397217
STEMI,6,Topic_2,沙库巴曲缬沙坦片,0.016397206
STEMI,6,Topic_2,莫西沙星片,0.016397204
STEMI,6,Topic_2,呋塞米片,0.016397195
STEMI,6,Topic_2,碳酸氢钠片,0.016397184
STEMI,6,Topic_2,螺内酯片,0.01639718
STEMI,6,Topic_2,血管彩超：颈、椎动脉+锁骨下动脉,0.016397167
STEMI,6,Topic_2,ECT静息门控心肌灌注显象,0.016397161
STEMI,6,Topic_2,瑞舒伐他汀钙片,0.01639716
STEMI,6,Topic_2,Ⅰ级护理,0.016397158
STEMI,6,Topic_2,阿普唑仑片,0.016397148
STEMI,6,Topic_2,Ⅲ级护理,0.01639714
STEMI,6,Topic_2,单硝酸异山梨酯缓释片,0.01639714
STEMI,6,Topic_3,美托洛尔缓释片,0.26824972
STEMI,6,Topic_3,尿毒清颗粒,0.09754455
STEMI,6,Topic_3,沙库巴曲缬沙坦片,0.09754455
STEMI,6,Topic_3,曲美布汀片,0.09754451
STEMI,6,Topic_3,苯溴马隆片,0.09754449
STEMI,6,Topic_3,卡维地洛片,0.09754448
STEMI,6,Topic_3,三级护理,0.01235135
STEMI,6,Topic_3,阿托伐他汀钙片,0.012193654
STEMI,6,Topic_3,替格瑞洛片,0.012193601
STEMI,6,Topic_3,阿司匹林肠溶片,0.012193599
STEMI,6,Topic_3,艾司奥美拉唑镁肠溶片,0.0121935755
STEMI,6,Topic_3,培哚普利叔丁胺片,0.012193547
STEMI,6,Topic_3,二级护理,0.012193543
STEMI,6,Topic_3,血管彩超：颈、椎动脉+锁骨下动脉,0.012193487
STEMI,6,Topic_3,Ⅰ级护理,0.012193473
STEMI,6,Topic_3,螺内酯片,0.012193471
STEMI,6,Topic_3,Ⅱ级护理,0.012193467
STEMI,6,Topic_3,瑞舒伐他汀钙片,0.012193466
STEMI,6,Topic_3,呋塞米片,0.012193455
STEMI,6,Topic_3,莫西沙星片,0.012193452
STEMI,6,Topic_3,阿普唑仑片,0.012193448
STEMI,6,Topic_3,单硝酸异山梨酯缓释片,0.012193444
STEMI,6,Topic_3,ECT静息门控心肌灌注显象,0.012193443
STEMI,6,Topic_3,Ⅲ级护理,0.012193443
STEMI,6,Topic_3,碳酸氢钠片,0.012193434
STEMI,6,Topic_3,硝酸甘油片,0.0121934265
STEMI,6,Topic_4,艾司奥美拉唑镁肠溶片,0.27760082
STEMI,6,Topic_4,阿普唑仑片,0.1481815
STEMI,6,Topic_4,Ⅲ级护理,0.14818144
STEMI,6,Topic_4,美托洛尔缓释片,0.018523585
STEMI,6,Topic_4,替格瑞洛片,0.01852351
STEMI,6,Topic_4,阿托伐他汀钙片,0.018523477
STEMI,6,Topic_4,三级护理,0.018523447
STEMI,6,Topic_4,培哚普利叔丁胺片,0.018523434
STEMI,6,Topic_4,二级护理,0.01852339
STEMI,6,Topic_4,阿司匹林肠溶片,0.01852338
STEMI,6,Topic_4,尿毒清颗粒,0.018523317
STEMI,6,Topic_4,曲美布汀片,0.018523296
STEMI,6,Topic_4,苯溴马隆片,0.018523293
STEMI,6,Topic_4,Ⅱ级护理,0.018523285
STEMI,6,Topic_4,沙库巴曲缬沙坦片,0.018523281
STEMI,6,Topic_4,Ⅰ级护理,0.01852328
STEMI,6,Topic_4,卡维地洛片,0.01852325
STEMI,6,Topic_4,螺内酯片,0.01852325
STEMI,6,Topic_4,ECT静息门控心肌灌注显象,0.01852325
STEMI,6,Topic_4,碳酸氢钠片,0.01852325
STEMI,6,Topic_4,硝酸甘油片,0.018523244
STEMI,6,Topic_4,呋塞米片,0.01852321
STEMI,6,Topic_4,单硝酸异山梨酯缓释片,0.018523209
STEMI,6,Topic_4,血管彩超：颈、椎动脉+锁骨下动脉,0.018523209
STEMI,6,Topic_4,瑞舒伐他汀钙片,0.0185232
STEMI,6,Topic_4,莫西沙星片,0.018523192
STEMI,6,Topic_5,阿托伐他汀钙片,0.24446745
STEMI,6,Topic_5,血管彩超：颈、椎动脉+锁骨下动脉,0.13135792
STEMI,6,Topic_5,莫西沙星片,0.13135791
STEMI,6,Topic_5,螺内酯片,0.13135773
STEMI,6,Topic_5,替格瑞洛片,0.016633071
STEMI,6,Topic_5,培哚普利叔丁胺片,0.016420433
STEMI,6,Topic_5,美托洛尔缓释片,0.016420411
STEMI,6,Topic_5,三级护理,0.016420402
STEMI,6,Topic_5,艾司奥美拉唑镁肠溶片,0.016420377
STEMI,6,Topic_5,二级护理,0.016420368
STEMI,6,Topic_5,阿司匹林肠溶片,0.016420357
STEMI,6,Topic_5,苯溴马隆片,0.016420307
STEMI,6,Topic_5,Ⅱ级护理,0.016420273
STEMI,6,Topic_5,Ⅰ级护理,0.01642026
STEMI,6,Topic_5,卡维地洛片,0.016420258
STEMI,6,Topic_5,沙库巴曲缬沙坦片,0.016420258
STEMI,6,Topic_5,曲美布汀片,0.016420254
STEMI,6,Topic_5,碳酸氢钠片,0.016420241
STEMI,6,Topic_5,单硝酸异山梨酯缓释片,0.016420234
STEMI,6,Topic_5,硝酸甘油片,0.016420234
STEMI,6,Topic_5,ECT静息门控心肌灌注显象,0.01642023
STEMI,6,Topic_5,呋塞米片,0.016420223
STEMI,6,Topic_5,尿毒清颗粒,0.016420223
STEMI,6,Topic_5,Ⅲ级护理,0.016420217
STEMI,6,Topic_5,瑞舒伐他汀钙片,0.01642021
STEMI,6,Topic_5,阿普唑仑片,0.016420176
STEMI,6,Topic_6,培哚普利叔丁胺片,0.3181144
STEMI,6,Topic_6,单硝酸异山梨酯缓释片,0.16980717
STEMI,6,Topic_6,阿托伐他汀钙片,0.023591287
STEMI,6,Topic_6,艾司奥美拉唑镁肠溶片,0.021501591
STEMI,6,Topic_6,替格瑞洛片,0.021226978
STEMI,6,Topic_6,三级护理,0.021226743
STEMI,6,Topic_6,美托洛尔缓释片,0.021226734
STEMI,6,Topic_6,二级护理,0.021226725
STEMI,6,Topic_6,阿司匹林肠溶片,0.021226674
STEMI,6,Topic_6,苯溴马隆片,0.021226661
STEMI,6,Topic_6,卡维地洛片,0.021226658
STEMI,6,Topic_6,曲美布汀片,0.021226652
STEMI,6,Topic_6,沙库巴曲缬沙坦片,0.021226618
STEMI,6,Topic_6,尿毒清颗粒,0.021226598
STEMI,6,Topic_6,螺内酯片,0.021226594
STEMI,6,Topic_6,Ⅱ级护理,0.021226592
STEMI,6,Topic_6,呋塞米片,0.021226568
STEMI,6,Topic_6,ECT静息门控心肌灌注显象,0.021226557
STEMI,6,Topic_6,Ⅲ级护理,0.02122654
STEMI,6,Topic_6,碳酸氢钠片,0.021226525
STEMI,6,Topic_6,莫西沙星片,0.021226522
STEMI,6,Topic_6,血管彩超：颈、椎动脉+锁骨下动脉,0.021226522
STEMI,6,Topic_6,硝酸甘油片,0.021226516
STEMI,6,Topic_6,阿普唑仑片,0.021226516
STEMI,6,Topic_6,瑞舒伐他汀钙片,0.02122651
STEMI,6,Topic_6,Ⅰ级护理,0.021226494
STEMI,6,Topic_7,阿司匹林肠溶片,0.24595109
STEMI,6,Topic_7,三级护理,0.2457388
STEMI,6,Topic_7,Ⅰ级护理,0.13117345
STEMI,6,Topic_7,美托洛尔缓释片,0.016397497
STEMI,6,Topic_7,艾司奥美拉唑镁肠溶片,0.016397478
STEMI,6,Topic_7,替格瑞洛片,0.01639747
STEMI,6,Topic_7,培哚普利叔丁胺片,0.016397363
STEMI,6,Topic_7,二级护理,0.01639733
STEMI,6,Topic_7,阿托伐他汀钙片,0.0163973
STEMI,6,Topic_7,卡维地洛片,0.016397264
STEMI,6,Topic_7,尿毒清颗粒,0.016397232
STEMI,6,Topic_7,苯溴马隆片,0.01639723
STEMI,6,Topic_7,螺内酯片,0.016397228
STEMI,6,Topic_7,沙库巴曲缬沙坦片,0.016397217
STEMI,6,Topic_7,曲美布汀片,0.01639721
STEMI,6,Topic_7,莫西沙星片,0.016397199
STEMI,6,Topic_7,ECT静息门控心肌灌注显象,0.016397197
STEMI,6,Topic_7,单硝酸异山梨酯缓释片,0.016397184
STEMI,6,Topic_7,瑞舒伐他汀钙片,0.016397182
STEMI,6,Topic_7,血管彩超：颈、椎动脉+锁骨下动脉,0.016397173
STEMI,6,Topic_7,碳酸氢钠片,0.016397169
STEMI,6,Topic_7,Ⅱ级护理,0.016397169
STEMI,6,Topic_7,Ⅲ级护理,0.016397158
STEMI,6,Topic_7,呋塞米片,0.016397154
STEMI,6,Topic_7,阿普唑仑片,0.016397137
STEMI,6,Topic_7,硝酸甘油片,0.016397115
STEMI,7,Topic_1,二级护理,0.045454543
STEMI,7,Topic_1,NT-B型钠尿肽NT-BNP,0.045454543
STEMI,7,Topic_1,γ谷氨酰基转移酶GGT,0.045454543
STEMI,7,Topic_1,碱性磷酸酶ALP,0.045454543
STEMI,7,Topic_1,胆碱脂酶CHE,0.045454543
STEMI,7,Topic_1,谷草转氨酶AST,0.045454543
STEMI,7,Topic_1,血常规五分类+hsCRP,0.045454543
STEMI,7,Topic_1,心梗四项,0.045454543
STEMI,7,Topic_1,肾功五项,0.045454543
STEMI,7,Topic_1,肝功五项,0.045454543
STEMI,7,Topic_1,瑞舒伐他汀钙片,0.045454543
STEMI,7,Topic_1,依洛尤单抗注射液,0.045454543
STEMI,7,Topic_1,替格瑞洛片,0.045454543
STEMI,7,Topic_1,阿卡波糖咀嚼片,0.045454543
STEMI,7,Topic_1,阿司匹林肠溶片,0.045454543
STEMI,7,Topic_1,琥珀酸美托洛尔缓释片,0.045454543
STEMI,7,Topic_1,沙库巴曲缬沙坦片,0.045454543
STEMI,7,Topic_1,泮托拉唑钠肠溶片,0.045454543
STEMI,7,Topic_1,Ⅲ级护理,0.045454543
STEMI,7,Topic_1,三级护理,0.045454543
STEMI,7,Topic_1,电解质四项,0.045454543
STEMI,7,Topic_1,常规心电图(床边),0.045454543
STEMI,7,Topic_2,二级护理,0.045454543
STEMI,7,Topic_2,NT-B型钠尿肽NT-BNP,0.045454543
STEMI,7,Topic_2,γ谷氨酰基转移酶GGT,0.045454543
STEMI,7,Topic_2,碱性磷酸酶ALP,0.045454543
STEMI,7,Topic_2,胆碱脂酶CHE,0.045454543
STEMI,7,Topic_2,谷草转氨酶AST,0.045454543
STEMI,7,Topic_2,血常规五分类+hsCRP,0.045454543
STEMI,7,Topic_2,心梗四项,0.045454543
STEMI,7,Topic_2,肾功五项,0.045454543
STEMI,7,Topic_2,肝功五项,0.045454543
STEMI,7,Topic_2,瑞舒伐他汀钙片,0.045454543
STEMI,7,Topic_2,依洛尤单抗注射液,0.045454543
STEMI,7,Topic_2,替格瑞洛片,0.045454543
STEMI,7,Topic_2,阿卡波糖咀嚼片,0.045454543
STEMI,7,Topic_2,阿司匹林肠溶片,0.045454543
STEMI,7,Topic_2,琥珀酸美托洛尔缓释片,0.045454543
STEMI,7,Topic_2,沙库巴曲缬沙坦片,0.045454543
STEMI,7,Topic_2,泮托拉唑钠肠溶片,0.045454543
STEMI,7,Topic_2,Ⅲ级护理,0.045454543
STEMI,7,Topic_2,三级护理,0.045454543
STEMI,7,Topic_2,电解质四项,0.045454543
STEMI,7,Topic_2,常规心电图(床边),0.045454543
STEMI,7,Topic_3,二级护理,0.045454543
STEMI,7,Topic_3,NT-B型钠尿肽NT-BNP,0.045454543
STEMI,7,Topic_3,γ谷氨酰基转移酶GGT,0.045454543
STEMI,7,Topic_3,碱性磷酸酶ALP,0.045454543
STEMI,7,Topic_3,胆碱脂酶CHE,0.045454543
STEMI,7,Topic_3,谷草转氨酶AST,0.045454543
STEMI,7,Topic_3,血常规五分类+hsCRP,0.045454543
STEMI,7,Topic_3,心梗四项,0.045454543
STEMI,7,Topic_3,肾功五项,0.045454543
STEMI,7,Topic_3,肝功五项,0.045454543
STEMI,7,Topic_3,瑞舒伐他汀钙片,0.045454543
STEMI,7,Topic_3,依洛尤单抗注射液,0.045454543
STEMI,7,Topic_3,替格瑞洛片,0.045454543
STEMI,7,Topic_3,阿卡波糖咀嚼片,0.045454543
STEMI,7,Topic_3,阿司匹林肠溶片,0.045454543
STEMI,7,Topic_3,琥珀酸美托洛尔缓释片,0.045454543
STEMI,7,Topic_3,沙库巴曲缬沙坦片,0.045454543
STEMI,7,Topic_3,泮托拉唑钠肠溶片,0.045454543
STEMI,7,Topic_3,Ⅲ级护理,0.045454543
STEMI,7,Topic_3,三级护理,0.045454543
STEMI,7,Topic_3,电解质四项,0.045454543
STEMI,7,Topic_3,常规心电图(床边),0.045454543
STEMI,7,Topic_4,Ⅲ级护理,0.35294107
STEMI,7,Topic_4,血常规五分类+hsCRP,0.35294107
STEMI,7,Topic_4,二级护理,0.014705894
STEMI,7,Topic_4,NT-B型钠尿肽NT-BNP,0.014705894
STEMI,7,Topic_4,γ谷氨酰基转移酶GGT,0.014705894
STEMI,7,Topic_4,碱性磷酸酶ALP,0.014705894
STEMI,7,Topic_4,胆碱脂酶CHE,0.014705894
STEMI,7,Topic_4,谷草转氨酶AST,0.014705894
STEMI,7,Topic_4,心梗四项,0.014705894
STEMI,7,Topic_4,肾功五项,0.014705894
STEMI,7,Topic_4,肝功五项,0.014705894
STEMI,7,Topic_4,瑞舒伐他汀钙片,0.014705894
STEMI,7,Topic_4,依洛尤单抗注射液,0.014705894
STEMI,7,Topic_4,替格瑞洛片,0.014705894
STEMI,7,Topic_4,阿卡波糖咀嚼片,0.014705894
STEMI,7,Topic_4,阿司匹林肠溶片,0.014705894
STEMI,7,Topic_4,琥珀酸美托洛尔缓释片,0.014705894
STEMI,7,Topic_4,沙库巴曲缬沙坦片,0.014705894
STEMI,7,Topic_4,泮托拉唑钠肠溶片,0.014705894
STEMI,7,Topic_4,三级护理,0.014705894
STEMI,7,Topic_4,电解质四项,0.014705894
STEMI,7,Topic_4,常规心电图(床边),0.014705894
STEMI,7,Topic_5,泮托拉唑钠肠溶片,0.5333332
STEMI,7,Topic_5,二级护理,0.022222232
STEMI,7,Topic_5,NT-B型钠尿肽NT-BNP,0.022222232
STEMI,7,Topic_5,γ谷氨酰基转移酶GGT,0.022222232
STEMI,7,Topic_5,碱性磷酸酶ALP,0.022222232
STEMI,7,Topic_5,胆碱脂酶CHE,0.022222232
STEMI,7,Topic_5,谷草转氨酶AST,0.022222232
STEMI,7,Topic_5,血常规五分类+hsCRP,0.022222232
STEMI,7,Topic_5,心梗四项,0.022222232
STEMI,7,Topic_5,肾功五项,0.022222232
STEMI,7,Topic_5,肝功五项,0.022222232
STEMI,7,Topic_5,瑞舒伐他汀钙片,0.022222232
STEMI,7,Topic_5,依洛尤单抗注射液,0.022222232
STEMI,7,Topic_5,替格瑞洛片,0.022222232
STEMI,7,Topic_5,阿卡波糖咀嚼片,0.022222232
STEMI,7,Topic_5,阿司匹林肠溶片,0.022222232
STEMI,7,Topic_5,琥珀酸美托洛尔缓释片,0.022222232
STEMI,7,Topic_5,沙库巴曲缬沙坦片,0.022222232
STEMI,7,Topic_5,Ⅲ级护理,0.022222232
STEMI,7,Topic_5,三级护理,0.022222232
STEMI,7,Topic_5,电解质四项,0.022222232
STEMI,7,Topic_5,常规心电图(床边),0.022222232
STEMI,7,Topic_6,二级护理,0.045454543
STEMI,7,Topic_6,NT-B型钠尿肽NT-BNP,0.045454543
STEMI,7,Topic_6,γ谷氨酰基转移酶GGT,0.045454543
STEMI,7,Topic_6,碱性磷酸酶ALP,0.045454543
STEMI,7,Topic_6,胆碱脂酶CHE,0.045454543
STEMI,7,Topic_6,谷草转氨酶AST,0.045454543
STEMI,7,Topic_6,血常规五分类+hsCRP,0.045454543
STEMI,7,Topic_6,心梗四项,0.045454543
STEMI,7,Topic_6,肾功五项,0.045454543
STEMI,7,Topic_6,肝功五项,0.045454543
STEMI,7,Topic_6,瑞舒伐他汀钙片,0.045454543
STEMI,7,Topic_6,依洛尤单抗注射液,0.045454543
STEMI,7,Topic_6,替格瑞洛片,0.045454543
STEMI,7,Topic_6,阿卡波糖咀嚼片,0.045454543
STEMI,7,Topic_6,阿司匹林肠溶片,0.045454543
STEMI,7,Topic_6,琥珀酸美托洛尔缓释片,0.045454543
STEMI,7,Topic_6,沙库巴曲缬沙坦片,0.045454543
STEMI,7,Topic_6,泮托拉唑钠肠溶片,0.045454543
STEMI,7,Topic_6,Ⅲ级护理,0.045454543
STEMI,7,Topic_6,三级护理,0.045454543
STEMI,7,Topic_6,电解质四项,0.045454543
STEMI,7,Topic_6,常规心电图(床边),0.045454543
STEMI,7,Topic_7,肝功五项,0.5333332
STEMI,7,Topic_7,二级护理,0.022222232
STEMI,7,Topic_7,NT-B型钠尿肽NT-BNP,0.022222232
STEMI,7,Topic_7,γ谷氨酰基转移酶GGT,0.022222232
STEMI,7,Topic_7,碱性磷酸酶ALP,0.022222232
STEMI,7,Topic_7,胆碱脂酶CHE,0.022222232
STEMI,7,Topic_7,谷草转氨酶AST,0.022222232
STEMI,7,Topic_7,血常规五分类+hsCRP,0.022222232
STEMI,7,Topic_7,心梗四项,0.022222232
STEMI,7,Topic_7,肾功五项,0.022222232
STEMI,7,Topic_7,瑞舒伐他汀钙片,0.022222232
STEMI,7,Topic_7,依洛尤单抗注射液,0.022222232
STEMI,7,Topic_7,替格瑞洛片,0.022222232
STEMI,7,Topic_7,阿卡波糖咀嚼片,0.022222232
STEMI,7,Topic_7,阿司匹林肠溶片,0.022222232
STEMI,7,Topic_7,琥珀酸美托洛尔缓释片,0.022222232
STEMI,7,Topic_7,沙库巴曲缬沙坦片,0.022222232
STEMI,7,Topic_7,泮托拉唑钠肠溶片,0.022222232
STEMI,7,Topic_7,Ⅲ级护理,0.022222232
STEMI,7,Topic_7,三级护理,0.022222232
STEMI,7,Topic_7,电解质四项,0.022222232
STEMI,7,Topic_7,常规心电图(床边),0.022222232
STEMI,7,Topic_8,二级护理,0.045454543
STEMI,7,Topic_8,NT-B型钠尿肽NT-BNP,0.045454543
STEMI,7,Topic_8,γ谷氨酰基转移酶GGT,0.045454543
STEMI,7,Topic_8,碱性磷酸酶ALP,0.045454543
STEMI,7,Topic_8,胆碱脂酶CHE,0.045454543
STEMI,7,Topic_8,谷草转氨酶AST,0.045454543
STEMI,7,Topic_8,血常规五分类+hsCRP,0.045454543
STEMI,7,Topic_8,心梗四项,0.045454543
STEMI,7,Topic_8,肾功五项,0.045454543
STEMI,7,Topic_8,肝功五项,0.045454543
STEMI,7,Topic_8,瑞舒伐他汀钙片,0.045454543
STEMI,7,Topic_8,依洛尤单抗注射液,0.045454543
STEMI,7,Topic_8,替格瑞洛片,0.045454543
STEMI,7,Topic_8,阿卡波糖咀嚼片,0.045454543
STEMI,7,Topic_8,阿司匹林肠溶片,0.045454543
STEMI,7,Topic_8,琥珀酸美托洛尔缓释片,0.045454543
STEMI,7,Topic_8,沙库巴曲缬沙坦片,0.045454543
STEMI,7,Topic_8,泮托拉唑钠肠溶片,0.045454543
STEMI,7,Topic_8,Ⅲ级护理,0.045454543
STEMI,7,Topic_8,三级护理,0.045454543
STEMI,7,Topic_8,电解质四项,0.045454543
STEMI,7,Topic_8,常规心电图(床边),0.045454543
STEMI,7,Topic_9,胆碱脂酶CHE,0.35294107
STEMI,7,Topic_9,肾功五项,0.35294107
STEMI,7,Topic_9,二级护理,0.0147058945
STEMI,7,Topic_9,NT-B型钠尿肽NT-BNP,0.0147058945
STEMI,7,Topic_9,γ谷氨酰基转移酶GGT,0.0147058945
STEMI,7,Topic_9,碱性磷酸酶ALP,0.0147058945
STEMI,7,Topic_9,谷草转氨酶AST,0.0147058945
STEMI,7,Topic_9,血常规五分类+hsCRP,0.0147058945
STEMI,7,Topic_9,心梗四项,0.0147058945
STEMI,7,Topic_9,肝功五项,0.0147058945
STEMI,7,Topic_9,瑞舒伐他汀钙片,0.0147058945
STEMI,7,Topic_9,依洛尤单抗注射液,0.0147058945
STEMI,7,Topic_9,替格瑞洛片,0.0147058945
STEMI,7,Topic_9,阿卡波糖咀嚼片,0.0147058945
STEMI,7,Topic_9,阿司匹林肠溶片,0.0147058945
STEMI,7,Topic_9,琥珀酸美托洛尔缓释片,0.0147058945
STEMI,7,Topic_9,沙库巴曲缬沙坦片,0.0147058945
STEMI,7,Topic_9,泮托拉唑钠肠溶片,0.0147058945
STEMI,7,Topic_9,Ⅲ级护理,0.0147058945
STEMI,7,Topic_9,三级护理,0.0147058945
STEMI,7,Topic_9,电解质四项,0.0147058945
STEMI,7,Topic_9,常规心电图(床边),0.0147058945
STEMI,7,Topic_10,常规心电图(床边),0.35294107
STEMI,7,Topic_10,依洛尤单抗注射液,0.35294107
STEMI,7,Topic_10,NT-B型钠尿肽NT-BNP,0.014705894
STEMI,7,Topic_10,γ谷氨酰基转移酶GGT,0.014705894
STEMI,7,Topic_10,碱性磷酸酶ALP,0.014705894
STEMI,7,Topic_10,胆碱脂酶CHE,0.014705894
STEMI,7,Topic_10,谷草转氨酶AST,0.014705894
STEMI,7,Topic_10,血常规五分类+hsCRP,0.014705894
STEMI,7,Topic_10,心梗四项,0.014705894
STEMI,7,Topic_10,肾功五项,0.014705894
STEMI,7,Topic_10,肝功五项,0.014705894
STEMI,7,Topic_10,二级护理,0.014705894
STEMI,7,Topic_10,替格瑞洛片,0.014705894
STEMI,7,Topic_10,阿卡波糖咀嚼片,0.014705894
STEMI,7,Topic_10,阿司匹林肠溶片,0.014705894
STEMI,7,Topic_10,琥珀酸美托洛尔缓释片,0.014705894
STEMI,7,Topic_10,沙库巴曲缬沙坦片,0.014705894
STEMI,7,Topic_10,泮托拉唑钠肠溶片,0.014705894
STEMI,7,Topic_10,Ⅲ级护理,0.014705894
STEMI,7,Topic_10,三级护理,0.014705894
STEMI,7,Topic_10,电解质四项,0.014705894
STEMI,7,Topic_10,瑞舒伐他汀钙片,0.014705894
STEMI,7,Topic_11,电解质四项,0.5159467
STEMI,7,Topic_11,阿卡波糖咀嚼片,0.26402888
STEMI,7,Topic_11,二级护理,0.011001221
STEMI,7,Topic_11,NT-B型钠尿肽NT-BNP,0.011001221
STEMI,7,Topic_11,γ谷氨酰基转移酶GGT,0.011001221
STEMI,7,Topic_11,碱性磷酸酶ALP,0.011001221
STEMI,7,Topic_11,胆碱脂酶CHE,0.011001221
STEMI,7,Topic_11,谷草转氨酶AST,0.011001221
STEMI,7,Topic_11,血常规五分类+hsCRP,0.011001221
STEMI,7,Topic_11,心梗四项,0.011001221
STEMI,7,Topic_11,肾功五项,0.011001221
STEMI,7,Topic_11,瑞舒伐他汀钙片,0.011001221
STEMI,7,Topic_11,依洛尤单抗注射液,0.011001221
STEMI,7,Topic_11,替格瑞洛片,0.011001221
STEMI,7,Topic_11,阿司匹林肠溶片,0.011001221
STEMI,7,Topic_11,琥珀酸美托洛尔缓释片,0.011001221
STEMI,7,Topic_11,沙库巴曲缬沙坦片,0.011001221
STEMI,7,Topic_11,泮托拉唑钠肠溶片,0.011001221
STEMI,7,Topic_11,Ⅲ级护理,0.011001221
STEMI,7,Topic_11,三级护理,0.011001221
STEMI,7,Topic_11,肝功五项,0.011001221
STEMI,7,Topic_11,常规心电图(床边),0.011001221
STEMI,7,Topic_12,瑞舒伐他汀钙片,0.5321396
STEMI,7,Topic_12,电解质四项,0.024410335
STEMI,7,Topic_12,NT-B型钠尿肽NT-BNP,0.0221725
STEMI,7,Topic_12,γ谷氨酰基转移酶GGT,0.0221725
STEMI,7,Topic_12,碱性磷酸酶ALP,0.0221725
STEMI,7,Topic_12,胆碱脂酶CHE,0.0221725
STEMI,7,Topic_12,谷草转氨酶AST,0.0221725
STEMI,7,Topic_12,血常规五分类+hsCRP,0.0221725
STEMI,7,Topic_12,心梗四项,0.0221725
STEMI,7,Topic_12,肾功五项,0.0221725
STEMI,7,Topic_12,肝功五项,0.0221725
STEMI,7,Topic_12,二级护理,0.0221725
STEMI,7,Topic_12,替格瑞洛片,0.0221725
STEMI,7,Topic_12,阿卡波糖咀嚼片,0.0221725
STEMI,7,Topic_12,阿司匹林肠溶片,0.0221725
STEMI,7,Topic_12,琥珀酸美托洛尔缓释片,0.0221725
STEMI,7,Topic_12,沙库巴曲缬沙坦片,0.0221725
STEMI,7,Topic_12,泮托拉唑钠肠溶片,0.0221725
STEMI,7,Topic_12,Ⅲ级护理,0.0221725
STEMI,7,Topic_12,三级护理,0.0221725
STEMI,7,Topic_12,依洛尤单抗注射液,0.0221725
STEMI,7,Topic_12,常规心电图(床边),0.0221725
STEMI,7,Topic_13,琥珀酸美托洛尔缓释片,0.5333332
STEMI,7,Topic_13,二级护理,0.022222232
STEMI,7,Topic_13,NT-B型钠尿肽NT-BNP,0.022222232
STEMI,7,Topic_13,γ谷氨酰基转移酶GGT,0.022222232
STEMI,7,Topic_13,碱性磷酸酶ALP,0.022222232
STEMI,7,Topic_13,胆碱脂酶CHE,0.022222232
STEMI,7,Topic_13,谷草转氨酶AST,0.022222232
STEMI,7,Topic_13,血常规五分类+hsCRP,0.022222232
STEMI,7,Topic_13,心梗四项,0.022222232
STEMI,7,Topic_13,肾功五项,0.022222232
STEMI,7,Topic_13,肝功五项,0.022222232
STEMI,7,Topic_13,瑞舒伐他汀钙片,0.022222232
STEMI,7,Topic_13,依洛尤单抗注射液,0.022222232
STEMI,7,Topic_13,替格瑞洛片,0.022222232
STEMI,7,Topic_13,阿卡波糖咀嚼片,0.022222232
STEMI,7,Topic_13,阿司匹林肠溶片,0.022222232
STEMI,7,Topic_13,沙库巴曲缬沙坦片,0.022222232
STEMI,7,Topic_13,泮托拉唑钠肠溶片,0.022222232
STEMI,7,Topic_13,Ⅲ级护理,0.022222232
STEMI,7,Topic_13,三级护理,0.022222232
STEMI,7,Topic_13,电解质四项,0.022222232
STEMI,7,Topic_13,常规心电图(床边),0.022222232
STEMI,7,Topic_14,心梗四项,0.5333332
STEMI,7,Topic_14,二级护理,0.022222232
STEMI,7,Topic_14,NT-B型钠尿肽NT-BNP,0.022222232
STEMI,7,Topic_14,γ谷氨酰基转移酶GGT,0.022222232
STEMI,7,Topic_14,碱性磷酸酶ALP,0.022222232
STEMI,7,Topic_14,胆碱脂酶CHE,0.022222232
STEMI,7,Topic_14,谷草转氨酶AST,0.022222232
STEMI,7,Topic_14,血常规五分类+hsCRP,0.022222232
STEMI,7,Topic_14,肾功五项,0.022222232
STEMI,7,Topic_14,肝功五项,0.022222232
STEMI,7,Topic_14,瑞舒伐他汀钙片,0.022222232
STEMI,7,Topic_14,依洛尤单抗注射液,0.022222232
STEMI,7,Topic_14,替格瑞洛片,0.022222232
STEMI,7,Topic_14,阿卡波糖咀嚼片,0.022222232
STEMI,7,Topic_14,阿司匹林肠溶片,0.022222232
STEMI,7,Topic_14,琥珀酸美托洛尔缓释片,0.022222232
STEMI,7,Topic_14,沙库巴曲缬沙坦片,0.022222232
STEMI,7,Topic_14,泮托拉唑钠肠溶片,0.022222232
STEMI,7,Topic_14,Ⅲ级护理,0.022222232
STEMI,7,Topic_14,三级护理,0.022222232
STEMI,7,Topic_14,电解质四项,0.022222232
STEMI,7,Topic_14,常规心电图(床边),0.022222232
STEMI,7,Topic_15,二级护理,0.045454543
STEMI,7,Topic_15,NT-B型钠尿肽NT-BNP,0.045454543
STEMI,7,Topic_15,γ谷氨酰基转移酶GGT,0.045454543
STEMI,7,Topic_15,碱性磷酸酶ALP,0.045454543
STEMI,7,Topic_15,胆碱脂酶CHE,0.045454543
STEMI,7,Topic_15,谷草转氨酶AST,0.045454543
STEMI,7,Topic_15,血常规五分类+hsCRP,0.045454543
STEMI,7,Topic_15,心梗四项,0.045454543
STEMI,7,Topic_15,肾功五项,0.045454543
STEMI,7,Topic_15,肝功五项,0.045454543
STEMI,7,Topic_15,瑞舒伐他汀钙片,0.045454543
STEMI,7,Topic_15,依洛尤单抗注射液,0.045454543
STEMI,7,Topic_15,替格瑞洛片,0.045454543
STEMI,7,Topic_15,阿卡波糖咀嚼片,0.045454543
STEMI,7,Topic_15,阿司匹林肠溶片,0.045454543
STEMI,7,Topic_15,琥珀酸美托洛尔缓释片,0.045454543
STEMI,7,Topic_15,沙库巴曲缬沙坦片,0.045454543
STEMI,7,Topic_15,泮托拉唑钠肠溶片,0.045454543
STEMI,7,Topic_15,Ⅲ级护理,0.045454543
STEMI,7,Topic_15,三级护理,0.045454543
STEMI,7,Topic_15,电解质四项,0.045454543
STEMI,7,Topic_15,常规心电图(床边),0.045454543
STEMI,7,Topic_16,替格瑞洛片,0.5333332
STEMI,7,Topic_16,二级护理,0.022222232
STEMI,7,Topic_16,NT-B型钠尿肽NT-BNP,0.022222232
STEMI,7,Topic_16,γ谷氨酰基转移酶GGT,0.022222232
STEMI,7,Topic_16,碱性磷酸酶ALP,0.022222232
STEMI,7,Topic_16,胆碱脂酶CHE,0.022222232
STEMI,7,Topic_16,谷草转氨酶AST,0.022222232
STEMI,7,Topic_16,血常规五分类+hsCRP,0.022222232
STEMI,7,Topic_16,心梗四项,0.022222232
STEMI,7,Topic_16,肾功五项,0.022222232
STEMI,7,Topic_16,肝功五项,0.022222232
STEMI,7,Topic_16,瑞舒伐他汀钙片,0.022222232
STEMI,7,Topic_16,依洛尤单抗注射液,0.022222232
STEMI,7,Topic_16,阿卡波糖咀嚼片,0.022222232
STEMI,7,Topic_16,阿司匹林肠溶片,0.022222232
STEMI,7,Topic_16,琥珀酸美托洛尔缓释片,0.022222232
STEMI,7,Topic_16,沙库巴曲缬沙坦片,0.022222232
STEMI,7,Topic_16,泮托拉唑钠肠溶片,0.022222232
STEMI,7,Topic_16,Ⅲ级护理,0.022222232
STEMI,7,Topic_16,三级护理,0.022222232
STEMI,7,Topic_16,电解质四项,0.022222232
STEMI,7,Topic_16,常规心电图(床边),0.022222232
STEMI,7,Topic_17,二级护理,0.045454543
STEMI,7,Topic_17,NT-B型钠尿肽NT-BNP,0.045454543
STEMI,7,Topic_17,γ谷氨酰基转移酶GGT,0.045454543
STEMI,7,Topic_17,碱性磷酸酶ALP,0.045454543
STEMI,7,Topic_17,胆碱脂酶CHE,0.045454543
STEMI,7,Topic_17,谷草转氨酶AST,0.045454543
STEMI,7,Topic_17,血常规五分类+hsCRP,0.045454543
STEMI,7,Topic_17,心梗四项,0.045454543
STEMI,7,Topic_17,肾功五项,0.045454543
STEMI,7,Topic_17,肝功五项,0.045454543
STEMI,7,Topic_17,瑞舒伐他汀钙片,0.045454543
STEMI,7,Topic_17,依洛尤单抗注射液,0.045454543
STEMI,7,Topic_17,替格瑞洛片,0.045454543
STEMI,7,Topic_17,阿卡波糖咀嚼片,0.045454543
STEMI,7,Topic_17,阿司匹林肠溶片,0.045454543
STEMI,7,Topic_17,琥珀酸美托洛尔缓释片,0.045454543
STEMI,7,Topic_17,沙库巴曲缬沙坦片,0.045454543
STEMI,7,Topic_17,泮托拉唑钠肠溶片,0.045454543
STEMI,7,Topic_17,Ⅲ级护理,0.045454543
STEMI,7,Topic_17,三级护理,0.045454543
STEMI,7,Topic_17,电解质四项,0.045454543
STEMI,7,Topic_17,常规心电图(床边),0.045454543
STEMI,7,Topic_18,二级护理,0.35294107
STEMI,7,Topic_18,NT-B型钠尿肽NT-BNP,0.35294107
STEMI,7,Topic_18,γ谷氨酰基转移酶GGT,0.014705894
STEMI,7,Topic_18,碱性磷酸酶ALP,0.014705894
STEMI,7,Topic_18,胆碱脂酶CHE,0.014705894
STEMI,7,Topic_18,谷草转氨酶AST,0.014705894
STEMI,7,Topic_18,血常规五分类+hsCRP,0.014705894
STEMI,7,Topic_18,心梗四项,0.014705894
STEMI,7,Topic_18,肾功五项,0.014705894
STEMI,7,Topic_18,肝功五项,0.014705894
STEMI,7,Topic_18,瑞舒伐他汀钙片,0.014705894
STEMI,7,Topic_18,依洛尤单抗注射液,0.014705894
STEMI,7,Topic_18,替格瑞洛片,0.014705894
STEMI,7,Topic_18,阿卡波糖咀嚼片,0.014705894
STEMI,7,Topic_18,阿司匹林肠溶片,0.014705894
STEMI,7,Topic_18,琥珀酸美托洛尔缓释片,0.014705894
STEMI,7,Topic_18,沙库巴曲缬沙坦片,0.014705894
STEMI,7,Topic_18,泮托拉唑钠肠溶片,0.014705894
STEMI,7,Topic_18,Ⅲ级护理,0.014705894
STEMI,7,Topic_18,三级护理,0.014705894
STEMI,7,Topic_18,电解质四项,0.014705894
STEMI,7,Topic_18,常规心电图(床边),0.014705894
STEMI,7,Topic_19,阿司匹林肠溶片,0.5333332
STEMI,7,Topic_19,二级护理,0.022222232
STEMI,7,Topic_19,NT-B型钠尿肽NT-BNP,0.022222232
STEMI,7,Topic_19,γ谷氨酰基转移酶GGT,0.022222232
STEMI,7,Topic_19,碱性磷酸酶ALP,0.022222232
STEMI,7,Topic_19,胆碱脂酶CHE,0.022222232
STEMI,7,Topic_19,谷草转氨酶AST,0.022222232
STEMI,7,Topic_19,血常规五分类+hsCRP,0.022222232
STEMI,7,Topic_19,心梗四项,0.022222232
STEMI,7,Topic_19,肾功五项,0.022222232
STEMI,7,Topic_19,肝功五项,0.022222232
STEMI,7,Topic_19,瑞舒伐他汀钙片,0.022222232
STEMI,7,Topic_19,依洛尤单抗注射液,0.022222232
STEMI,7,Topic_19,替格瑞洛片,0.022222232
STEMI,7,Topic_19,阿卡波糖咀嚼片,0.022222232
STEMI,7,Topic_19,琥珀酸美托洛尔缓释片,0.022222232
STEMI,7,Topic_19,沙库巴曲缬沙坦片,0.022222232
STEMI,7,Topic_19,泮托拉唑钠肠溶片,0.022222232
STEMI,7,Topic_19,Ⅲ级护理,0.022222232
STEMI,7,Topic_19,三级护理,0.022222232
STEMI,7,Topic_19,电解质四项,0.022222232
STEMI,7,Topic_19,常规心电图(床边),0.022222232
STEMI,7,Topic_20,二级护理,0.045454543
STEMI,7,Topic_20,NT-B型钠尿肽NT-BNP,0.045454543
STEMI,7,Topic_20,γ谷氨酰基转移酶GGT,0.045454543
STEMI,7,Topic_20,碱性磷酸酶ALP,0.045454543
STEMI,7,Topic_20,胆碱脂酶CHE,0.045454543
STEMI,7,Topic_20,谷草转氨酶AST,0.045454543
STEMI,7,Topic_20,血常规五分类+hsCRP,0.045454543
STEMI,7,Topic_20,心梗四项,0.045454543
STEMI,7,Topic_20,肾功五项,0.045454543
STEMI,7,Topic_20,肝功五项,0.045454543
STEMI,7,Topic_20,瑞舒伐他汀钙片,0.045454543
STEMI,7,Topic_20,依洛尤单抗注射液,0.045454543
STEMI,7,Topic_20,替格瑞洛片,0.045454543
STEMI,7,Topic_20,阿卡波糖咀嚼片,0.045454543
STEMI,7,Topic_20,阿司匹林肠溶片,0.045454543
STEMI,7,Topic_20,琥珀酸美托洛尔缓释片,0.045454543
STEMI,7,Topic_20,沙库巴曲缬沙坦片,0.045454543
STEMI,7,Topic_20,泮托拉唑钠肠溶片,0.045454543
STEMI,7,Topic_20,Ⅲ级护理,0.045454543
STEMI,7,Topic_20,三级护理,0.045454543
STEMI,7,Topic_20,电解质四项,0.045454543
STEMI,7,Topic_20,常规心电图(床边),0.045454543
STEMI,7,Topic_21,γ谷氨酰基转移酶GGT,0.2637362
STEMI,7,Topic_21,沙库巴曲缬沙坦片,0.2637362
STEMI,7,Topic_21,谷草转氨酶AST,0.2637362
STEMI,7,Topic_21,二级护理,0.010989026
STEMI,7,Topic_21,NT-B型钠尿肽NT-BNP,0.010989026
STEMI,7,Topic_21,碱性磷酸酶ALP,0.010989026
STEMI,7,Topic_21,胆碱脂酶CHE,0.010989026
STEMI,7,Topic_21,血常规五分类+hsCRP,0.010989026
STEMI,7,Topic_21,心梗四项,0.010989026
STEMI,7,Topic_21,肾功五项,0.010989026
STEMI,7,Topic_21,肝功五项,0.010989026
STEMI,7,Topic_21,瑞舒伐他汀钙片,0.010989026
STEMI,7,Topic_21,依洛尤单抗注射液,0.010989026
STEMI,7,Topic_21,替格瑞洛片,0.010989026
STEMI,7,Topic_21,阿卡波糖咀嚼片,0.010989026
STEMI,7,Topic_21,阿司匹林肠溶片,0.010989026
STEMI,7,Topic_21,琥珀酸美托洛尔缓释片,0.010989026
STEMI,7,Topic_21,泮托拉唑钠肠溶片,0.010989026
STEMI,7,Topic_21,Ⅲ级护理,0.010989026
STEMI,7,Topic_21,三级护理,0.010989026
STEMI,7,Topic_21,电解质四项,0.010989026
STEMI,7,Topic_21,常规心电图(床边),0.010989026
STEMI,7,Topic_22,碱性磷酸酶ALP,0.5333332
STEMI,7,Topic_22,二级护理,0.02222223
STEMI,7,Topic_22,NT-B型钠尿肽NT-BNP,0.02222223
STEMI,7,Topic_22,γ谷氨酰基转移酶GGT,0.02222223
STEMI,7,Topic_22,胆碱脂酶CHE,0.02222223
STEMI,7,Topic_22,谷草转氨酶AST,0.02222223
STEMI,7,Topic_22,血常规五分类+hsCRP,0.02222223
STEMI,7,Topic_22,心梗四项,0.02222223
STEMI,7,Topic_22,肾功五项,0.02222223
STEMI,7,Topic_22,肝功五项,0.02222223
STEMI,7,Topic_22,瑞舒伐他汀钙片,0.02222223
STEMI,7,Topic_22,依洛尤单抗注射液,0.02222223
STEMI,7,Topic_22,替格瑞洛片,0.02222223
STEMI,7,Topic_22,阿卡波糖咀嚼片,0.02222223
STEMI,7,Topic_22,阿司匹林肠溶片,0.02222223
STEMI,7,Topic_22,琥珀酸美托洛尔缓释片,0.02222223
STEMI,7,Topic_22,沙库巴曲缬沙坦片,0.02222223
STEMI,7,Topic_22,泮托拉唑钠肠溶片,0.02222223
STEMI,7,Topic_22,Ⅲ级护理,0.02222223
STEMI,7,Topic_22,三级护理,0.02222223
STEMI,7,Topic_22,电解质四项,0.02222223
STEMI,7,Topic_22,常规心电图(床边),0.02222223
STEMI,7,Topic_23,三级护理,0.5333332
STEMI,7,Topic_23,二级护理,0.022222232
STEMI,7,Topic_23,NT-B型钠尿肽NT-BNP,0.022222232
STEMI,7,Topic_23,γ谷氨酰基转移酶GGT,0.022222232
STEMI,7,Topic_23,碱性磷酸酶ALP,0.022222232
STEMI,7,Topic_23,胆碱脂酶CHE,0.022222232
STEMI,7,Topic_23,谷草转氨酶AST,0.022222232
STEMI,7,Topic_23,血常规五分类+hsCRP,0.022222232
STEMI,7,Topic_23,心梗四项,0.022222232
STEMI,7,Topic_23,肾功五项,0.022222232
STEMI,7,Topic_23,肝功五项,0.022222232
STEMI,7,Topic_23,瑞舒伐他汀钙片,0.022222232
STEMI,7,Topic_23,依洛尤单抗注射液,0.022222232
STEMI,7,Topic_23,替格瑞洛片,0.022222232
STEMI,7,Topic_23,阿卡波糖咀嚼片,0.022222232
STEMI,7,Topic_23,阿司匹林肠溶片,0.022222232
STEMI,7,Topic_23,琥珀酸美托洛尔缓释片,0.022222232
STEMI,7,Topic_23,沙库巴曲缬沙坦片,0.022222232
STEMI,7,Topic_23,泮托拉唑钠肠溶片,0.022222232
STEMI,7,Topic_23,Ⅲ级护理,0.022222232
STEMI,7,Topic_23,电解质四项,0.022222232
STEMI,7,Topic_23,常规心电图(床边),0.022222232
STEMI,8,Topic_1,泮托拉唑钠肠溶片,0.77419335
STEMI,8,Topic_1,三级护理,0.03225808
STEMI,8,Topic_1,瑞舒伐他汀钙片,0.03225808
STEMI,8,Topic_1,替格瑞洛片,0.03225808
STEMI,8,Topic_1,阿司匹林肠溶片,0.03225808
STEMI,8,Topic_1,美托洛尔缓释片,0.03225808
STEMI,8,Topic_1,培哚普利叔丁胺片,0.03225808
STEMI,8,Topic_1,硝酸甘油片,0.03225808
STEMI,8,Topic_2,三级护理,0.125
STEMI,8,Topic_2,瑞舒伐他汀钙片,0.125
STEMI,8,Topic_2,替格瑞洛片,0.125
STEMI,8,Topic_2,阿司匹林肠溶片,0.125
STEMI,8,Topic_2,美托洛尔缓释片,0.125
STEMI,8,Topic_2,培哚普利叔丁胺片,0.125
STEMI,8,Topic_2,泮托拉唑钠肠溶片,0.125
STEMI,8,Topic_2,硝酸甘油片,0.125
STEMI,8,Topic_3,美托洛尔缓释片,0.77419335
STEMI,8,Topic_3,三级护理,0.03225808
STEMI,8,Topic_3,瑞舒伐他汀钙片,0.03225808
STEMI,8,Topic_3,替格瑞洛片,0.03225808
STEMI,8,Topic_3,阿司匹林肠溶片,0.03225808
STEMI,8,Topic_3,培哚普利叔丁胺片,0.03225808
STEMI,8,Topic_3,泮托拉唑钠肠溶片,0.03225808
STEMI,8,Topic_3,硝酸甘油片,0.03225808
STEMI,8,Topic_4,三级护理,0.125
STEMI,8,Topic_4,瑞舒伐他汀钙片,0.125
STEMI,8,Topic_4,替格瑞洛片,0.125
STEMI,8,Topic_4,阿司匹林肠溶片,0.125
STEMI,8,Topic_4,美托洛尔缓释片,0.125
STEMI,8,Topic_4,培哚普利叔丁胺片,0.125
STEMI,8,Topic_4,泮托拉唑钠肠溶片,0.125
STEMI,8,Topic_4,硝酸甘油片,0.125
STEMI,8,Topic_5,三级护理,0.125
STEMI,8,Topic_5,瑞舒伐他汀钙片,0.125
STEMI,8,Topic_5,替格瑞洛片,0.125
STEMI,8,Topic_5,阿司匹林肠溶片,0.125
STEMI,8,Topic_5,美托洛尔缓释片,0.125
STEMI,8,Topic_5,培哚普利叔丁胺片,0.125
STEMI,8,Topic_5,泮托拉唑钠肠溶片,0.125
STEMI,8,Topic_5,硝酸甘油片,0.125
STEMI,8,Topic_6,三级护理,0.125
STEMI,8,Topic_6,瑞舒伐他汀钙片,0.125
STEMI,8,Topic_6,替格瑞洛片,0.125
STEMI,8,Topic_6,阿司匹林肠溶片,0.125
STEMI,8,Topic_6,美托洛尔缓释片,0.125
STEMI,8,Topic_6,培哚普利叔丁胺片,0.125
STEMI,8,Topic_6,泮托拉唑钠肠溶片,0.125
STEMI,8,Topic_6,硝酸甘油片,0.125
STEMI,8,Topic_7,三级护理,0.125
STEMI,8,Topic_7,瑞舒伐他汀钙片,0.125
STEMI,8,Topic_7,替格瑞洛片,0.125
STEMI,8,Topic_7,阿司匹林肠溶片,0.125
STEMI,8,Topic_7,美托洛尔缓释片,0.125
STEMI,8,Topic_7,培哚普利叔丁胺片,0.125
STEMI,8,Topic_7,泮托拉唑钠肠溶片,0.125
STEMI,8,Topic_7,硝酸甘油片,0.125
STEMI,8,Topic_8,三级护理,0.125
STEMI,8,Topic_8,瑞舒伐他汀钙片,0.125
STEMI,8,Topic_8,替格瑞洛片,0.125
STEMI,8,Topic_8,阿司匹林肠溶片,0.125
STEMI,8,Topic_8,美托洛尔缓释片,0.125
STEMI,8,Topic_8,培哚普利叔丁胺片,0.125
STEMI,8,Topic_8,泮托拉唑钠肠溶片,0.125
STEMI,8,Topic_8,硝酸甘油片,0.125
STEMI,8,Topic_9,替格瑞洛片,0.7741935
STEMI,8,Topic_9,三级护理,0.03225808
STEMI,8,Topic_9,瑞舒伐他汀钙片,0.03225808
STEMI,8,Topic_9,阿司匹林肠溶片,0.03225808
STEMI,8,Topic_9,美托洛尔缓释片,0.03225808
STEMI,8,Topic_9,培哚普利叔丁胺片,0.03225808
STEMI,8,Topic_9,泮托拉唑钠肠溶片,0.03225808
STEMI,8,Topic_9,硝酸甘油片,0.03225808
STEMI,8,Topic_10,瑞舒伐他汀钙片,0.7741935
STEMI,8,Topic_10,三级护理,0.03225808
STEMI,8,Topic_10,替格瑞洛片,0.03225808
STEMI,8,Topic_10,阿司匹林肠溶片,0.03225808
STEMI,8,Topic_10,美托洛尔缓释片,0.03225808
STEMI,8,Topic_10,培哚普利叔丁胺片,0.03225808
STEMI,8,Topic_10,泮托拉唑钠肠溶片,0.03225808
STEMI,8,Topic_10,硝酸甘油片,0.03225808
STEMI,8,Topic_11,三级护理,0.125
STEMI,8,Topic_11,瑞舒伐他汀钙片,0.125
STEMI,8,Topic_11,替格瑞洛片,0.125
STEMI,8,Topic_11,阿司匹林肠溶片,0.125
STEMI,8,Topic_11,美托洛尔缓释片,0.125
STEMI,8,Topic_11,培哚普利叔丁胺片,0.125
STEMI,8,Topic_11,泮托拉唑钠肠溶片,0.125
STEMI,8,Topic_11,硝酸甘油片,0.125
STEMI,8,Topic_12,阿司匹林肠溶片,0.77419335
STEMI,8,Topic_12,三级护理,0.03225808
STEMI,8,Topic_12,瑞舒伐他汀钙片,0.03225808
STEMI,8,Topic_12,替格瑞洛片,0.03225808
STEMI,8,Topic_12,美托洛尔缓释片,0.03225808
STEMI,8,Topic_12,培哚普利叔丁胺片,0.03225808
STEMI,8,Topic_12,泮托拉唑钠肠溶片,0.03225808
STEMI,8,Topic_12,硝酸甘油片,0.03225808
STEMI,8,Topic_13,三级护理,0.125
STEMI,8,Topic_13,瑞舒伐他汀钙片,0.125
STEMI,8,Topic_13,替格瑞洛片,0.125
STEMI,8,Topic_13,阿司匹林肠溶片,0.125
STEMI,8,Topic_13,美托洛尔缓释片,0.125
STEMI,8,Topic_13,培哚普利叔丁胺片,0.125
STEMI,8,Topic_13,泮托拉唑钠肠溶片,0.125
STEMI,8,Topic_13,硝酸甘油片,0.125
STEMI,8,Topic_14,三级护理,0.125
STEMI,8,Topic_14,瑞舒伐他汀钙片,0.125
STEMI,8,Topic_14,替格瑞洛片,0.125
STEMI,8,Topic_14,阿司匹林肠溶片,0.125
STEMI,8,Topic_14,美托洛尔缓释片,0.125
STEMI,8,Topic_14,培哚普利叔丁胺片,0.125
STEMI,8,Topic_14,泮托拉唑钠肠溶片,0.125
STEMI,8,Topic_14,硝酸甘油片,0.125
STEMI,8,Topic_15,三级护理,0.125
STEMI,8,Topic_15,瑞舒伐他汀钙片,0.125
STEMI,8,Topic_15,替格瑞洛片,0.125
STEMI,8,Topic_15,阿司匹林肠溶片,0.125
STEMI,8,Topic_15,美托洛尔缓释片,0.125
STEMI,8,Topic_15,培哚普利叔丁胺片,0.125
STEMI,8,Topic_15,泮托拉唑钠肠溶片,0.125
STEMI,8,Topic_15,硝酸甘油片,0.125
STEMI,8,Topic_16,培哚普利叔丁胺片,0.7741935
STEMI,8,Topic_16,三级护理,0.03225808
STEMI,8,Topic_16,瑞舒伐他汀钙片,0.03225808
STEMI,8,Topic_16,替格瑞洛片,0.03225808
STEMI,8,Topic_16,阿司匹林肠溶片,0.03225808
STEMI,8,Topic_16,美托洛尔缓释片,0.03225808
STEMI,8,Topic_16,泮托拉唑钠肠溶片,0.03225808
STEMI,8,Topic_16,硝酸甘油片,0.03225808
STEMI,8,Topic_17,三级护理,0.125
STEMI,8,Topic_17,瑞舒伐他汀钙片,0.125
STEMI,8,Topic_17,替格瑞洛片,0.125
STEMI,8,Topic_17,阿司匹林肠溶片,0.125
STEMI,8,Topic_17,美托洛尔缓释片,0.125
STEMI,8,Topic_17,培哚普利叔丁胺片,0.125
STEMI,8,Topic_17,泮托拉唑钠肠溶片,0.125
STEMI,8,Topic_17,硝酸甘油片,0.125
STEMI,8,Topic_18,三级护理,0.125
STEMI,8,Topic_18,瑞舒伐他汀钙片,0.125
STEMI,8,Topic_18,替格瑞洛片,0.125
STEMI,8,Topic_18,阿司匹林肠溶片,0.125
STEMI,8,Topic_18,美托洛尔缓释片,0.125
STEMI,8,Topic_18,培哚普利叔丁胺片,0.125
STEMI,8,Topic_18,泮托拉唑钠肠溶片,0.125
STEMI,8,Topic_18,硝酸甘油片,0.125
STEMI,8,Topic_19,三级护理,0.125
STEMI,8,Topic_19,瑞舒伐他汀钙片,0.125
STEMI,8,Topic_19,替格瑞洛片,0.125
STEMI,8,Topic_19,阿司匹林肠溶片,0.125
STEMI,8,Topic_19,美托洛尔缓释片,0.125
STEMI,8,Topic_19,培哚普利叔丁胺片,0.125
STEMI,8,Topic_19,泮托拉唑钠肠溶片,0.125
STEMI,8,Topic_19,硝酸甘油片,0.125
STEMI,8,Topic_20,三级护理,0.125
STEMI,8,Topic_20,瑞舒伐他汀钙片,0.125
STEMI,8,Topic_20,替格瑞洛片,0.125
STEMI,8,Topic_20,阿司匹林肠溶片,0.125
STEMI,8,Topic_20,美托洛尔缓释片,0.125
STEMI,8,Topic_20,培哚普利叔丁胺片,0.125
STEMI,8,Topic_20,泮托拉唑钠肠溶片,0.125
STEMI,8,Topic_20,硝酸甘油片,0.125
STEMI,8,Topic_21,三级护理,0.125
STEMI,8,Topic_21,瑞舒伐他汀钙片,0.125
STEMI,8,Topic_21,替格瑞洛片,0.125
STEMI,8,Topic_21,阿司匹林肠溶片,0.125
STEMI,8,Topic_21,美托洛尔缓释片,0.125
STEMI,8,Topic_21,培哚普利叔丁胺片,0.125
STEMI,8,Topic_21,泮托拉唑钠肠溶片,0.125
STEMI,8,Topic_21,硝酸甘油片,0.125
STEMI,8,Topic_22,硝酸甘油片,0.7741935
STEMI,8,Topic_22,三级护理,0.03225808
STEMI,8,Topic_22,瑞舒伐他汀钙片,0.03225808
STEMI,8,Topic_22,替格瑞洛片,0.03225808
STEMI,8,Topic_22,阿司匹林肠溶片,0.03225808
STEMI,8,Topic_22,美托洛尔缓释片,0.03225808
STEMI,8,Topic_22,培哚普利叔丁胺片,0.03225808
STEMI,8,Topic_22,泮托拉唑钠肠溶片,0.03225808
STEMI,8,Topic_23,三级护理,0.7741935
STEMI,8,Topic_23,瑞舒伐他汀钙片,0.03225808
STEMI,8,Topic_23,替格瑞洛片,0.03225808
STEMI,8,Topic_23,阿司匹林肠溶片,0.03225808
STEMI,8,Topic_23,美托洛尔缓释片,0.03225808
STEMI,8,Topic_23,培哚普利叔丁胺片,0.03225808
STEMI,8,Topic_23,泮托拉唑钠肠溶片,0.03225808
STEMI,8,Topic_23,硝酸甘油片,0.03225808
STEMI,11,Topic_1,瑞舒伐他汀钙片,0.4999974
STEMI,11,Topic_1,尼可地尔片,0.055555895
STEMI,11,Topic_1,螺内酯片,0.055555876
STEMI,11,Topic_1,呋塞米片,0.05555587
STEMI,11,Topic_1,甲苯磺酸艾多沙班片,0.055555835
STEMI,11,Topic_1,替格瑞洛片,0.055555828
STEMI,11,Topic_1,雷贝拉唑钠肠溶片,0.055555828
STEMI,11,Topic_1,美托洛尔缓释片,0.055555824
STEMI,11,Topic_1,Ⅲ级护理,0.055555794
STEMI,11,Topic_1,硝酸甘油片,0.05555579
STEMI,11,Topic_2,甲苯磺酸艾多沙班片,0.34615266
STEMI,11,Topic_2,呋塞米片,0.34615266
STEMI,11,Topic_2,美托洛尔缓释片,0.038461883
STEMI,11,Topic_2,雷贝拉唑钠肠溶片,0.038461868
STEMI,11,Topic_2,尼可地尔片,0.038461864
STEMI,11,Topic_2,螺内酯片,0.038461853
STEMI,11,Topic_2,替格瑞洛片,0.03846185
STEMI,11,Topic_2,硝酸甘油片,0.038461827
STEMI,11,Topic_2,瑞舒伐他汀钙片,0.03846181
STEMI,11,Topic_2,Ⅲ级护理,0.038461804
STEMI,11,Topic_3,美托洛尔缓释片,0.10000017
STEMI,11,Topic_3,尼可地尔片,0.10000015
STEMI,11,Topic_3,替格瑞洛片,0.10000009
STEMI,11,Topic_3,呋塞米片,0.10000005
STEMI,11,Topic_3,硝酸甘油片,0.10000005
STEMI,11,Topic_3,螺内酯片,0.099999994
STEMI,11,Topic_3,雷贝拉唑钠肠溶片,0.09999991
STEMI,11,Topic_3,甲苯磺酸艾多沙班片,0.099999875
STEMI,11,Topic_3,Ⅲ级护理,0.09999987
STEMI,11,Topic_3,瑞舒伐他汀钙片,0.09999984
STEMI,11,Topic_4,尼可地尔片,0.100000195
STEMI,11,Topic_4,替格瑞洛片,0.10000011
STEMI,11,Topic_4,甲苯磺酸艾多沙班片,0.10000011
STEMI,11,Topic_4,螺内酯片,0.10000006
STEMI,11,Topic_4,美托洛尔缓释片,0.10000005
STEMI,11,Topic_4,呋塞米片,0.099999994
STEMI,11,Topic_4,硝酸甘油片,0.09999992
STEMI,11,Topic_4,雷贝拉唑钠肠溶片,0.099999875
STEMI,11,Topic_4,瑞舒伐他汀钙片,0.09999985
STEMI,11,Topic_4,Ⅲ级护理,0.0999998
STEMI,11,Topic_5,Ⅲ级护理,0.4999975
STEMI,11,Topic_5,尼可地尔片,0.055555873
STEMI,11,Topic_5,替格瑞洛片,0.055555847
STEMI,11,Topic_5,螺内酯片,0.055555847
STEMI,11,Topic_5,甲苯磺酸艾多沙班片,0.05555584
STEMI,11,Topic_5,呋塞米片,0.05555584
STEMI,11,Topic_5,美托洛尔缓释片,0.055555824
STEMI,11,Topic_5,硝酸甘油片,0.055555824
STEMI,11,Topic_5,雷贝拉唑钠肠溶片,0.05555579
STEMI,11,Topic_5,瑞舒伐他汀钙片,0.055555772
STEMI,11,Topic_6,硝酸甘油片,0.34615278
STEMI,11,Topic_6,螺内酯片,0.34615266
STEMI,11,Topic_6,呋塞米片,0.038461857
STEMI,11,Topic_6,美托洛尔缓释片,0.038461845
STEMI,11,Topic_6,瑞舒伐他汀钙片,0.038461834
STEMI,11,Topic_6,替格瑞洛片,0.038461823
STEMI,11,Topic_6,雷贝拉唑钠肠溶片,0.038461816
STEMI,11,Topic_6,甲苯磺酸艾多沙班片,0.038461804
STEMI,11,Topic_6,尼可地尔片,0.038461804
STEMI,11,Topic_6,Ⅲ级护理,0.038461782
STEMI,11,Topic_7,替格瑞洛片,0.2647053
STEMI,11,Topic_7,美托洛尔缓释片,0.2647053
STEMI,11,Topic_7,尼可地尔片,0.26470518
STEMI,11,Topic_7,甲苯磺酸艾多沙班片,0.0294121
STEMI,11,Topic_7,呋塞米片,0.029412061
STEMI,11,Topic_7,硝酸甘油片,0.029412024
STEMI,11,Topic_7,雷贝拉唑钠肠溶片,0.02941202
STEMI,11,Topic_7,瑞舒伐他汀钙片,0.029412013
STEMI,11,Topic_7,螺内酯片,0.029412005
STEMI,11,Topic_7,Ⅲ级护理,0.029411988
STEMI,11,Topic_8,雷贝拉唑钠肠溶片,0.49999735
STEMI,11,Topic_8,尼可地尔片,0.055555943
STEMI,11,Topic_8,替格瑞洛片,0.05555591
STEMI,11,Topic_8,甲苯磺酸艾多沙班片,0.055555902
STEMI,11,Topic_8,呋塞米片,0.055555895
STEMI,11,Topic_8,螺内酯片,0.055555858
STEMI,11,Topic_8,硝酸甘油片,0.05555585
STEMI,11,Topic_8,美托洛尔缓释片,0.055555824
STEMI,11,Topic_8,瑞舒伐他汀钙片,0.055555783
STEMI,11,Topic_8,Ⅲ级护理,0.055555698
